media_id,filename,type,primary_topic,secondary_topics,documentary_significance,historical_date,date_ingested,archive_origin,batch_id,rights_status,social_ready,pitch_ready,quality_rating,sha256_hash,treatment_sections
CIC-DOC-001,2010.May.June-Who_Designed_V8_Engine.pdf,Document,99-Uncategorized,,3,,2026-06-07,Batch_Documents,Batch_Documents,needs_clearance,0,0,3,,
CIC-DOC-002,CastIronCharlie QuestionsForDad v3 (1).docx,Document,99-Uncategorized,,3,,2026-06-07,Batch_Documents,Batch_Documents,needs_clearance,0,0,3,,
CIC-DOC-003,CastIronCharlie Treatment v11.docx,Document,99-Uncategorized,,3,,2026-06-07,Batch_Documents,Batch_Documents,needs_clearance,0,0,3,,
CIC-DOC-004,CastIronCharlie Treatment v12.docx,Document,99-Uncategorized,,3,,2026-06-07,Batch_Documents,Batch_Documents,needs_clearance,0,0,3,,
CIC-DOC-005,CastIronCharlie WorkingDoc v1.docx,Document,99-Uncategorized,,3,,2026-06-07,Batch_Documents,Batch_Documents,needs_clearance,0,0,3,,
CIC-DOC-006,CastIronCharlie_BroadcasterTargets (1).docx,Document,99-Uncategorized,,3,,2026-06-07,Batch_Documents,Batch_Documents,needs_clearance,0,0,3,,
CIC-DOC-007,CastIronCharlie_BroadcasterTargets (2).docx,Document,99-Uncategorized,,3,,2026-06-07,Batch_Documents,Batch_Documents,needs_clearance,0,0,3,,
CIC-DOC-008,CastIronCharlie_BroadcasterTargets.docx,Document,99-Uncategorized,,3,,2026-06-07,Batch_Documents,Batch_Documents,needs_clearance,0,0,3,,
CIC-DOC-009,CastIronCharlie_FamilyArchive (1).docx,Document,99-Uncategorized,,3,,2026-06-07,Batch_Documents,Batch_Documents,needs_clearance,0,0,3,,
CIC-DOC-010,CastIronCharlie_FamilyArchive.docx,Document,99-Uncategorized,,3,,2026-06-07,Batch_Documents,Batch_Documents,needs_clearance,0,0,3,,
CIC-DOC-011,CastIronCharlie_QuestionsForDad (1).docx,Document,99-Uncategorized,,3,,2026-06-07,Batch_Documents,Batch_Documents,needs_clearance,0,0,3,,
CIC-DOC-012,CastIronCharlie_QuestionsForDad_v2 (1).docx,Document,99-Uncategorized,,3,,2026-06-07,Batch_Documents,Batch_Documents,needs_clearance,0,0,3,,
CIC-DOC-013,CastIronCharlie_QuestionsForDad_v2.docx,Document,99-Uncategorized,,3,,2026-06-07,Batch_Documents,Batch_Documents,needs_clearance,0,0,3,,
CIC-DOC-014,CastIronCharlie_QuestionsForDad_v3 (1).docx,Document,99-Uncategorized,,3,,2026-06-07,Batch_Documents,Batch_Documents,needs_clearance,0,0,3,,
CIC-DOC-015,CastIronCharlie_QuestionsForDad_v3.docx,Document,99-Uncategorized,,3,,2026-06-07,Batch_Documents,Batch_Documents,needs_clearance,0,0,3,,
CIC-DOC-016,CastIronCharlie_QuestionsForDad_v4_20260416.docx,Document,99-Uncategorized,,3,,2026-06-07,Batch_Documents,Batch_Documents,needs_clearance,0,0,3,,
CIC-DOC-017,CastIronCharlie_QuestionsForDad.docx,Document,99-Uncategorized,,3,,2026-06-07,Batch_Documents,Batch_Documents,needs_clearance,0,0,3,,
CIC-DOC-018,CastIronCharlie_Treatment_v10.docx,Document,99-Uncategorized,,3,,2026-06-07,Batch_Documents,Batch_Documents,needs_clearance,0,0,3,,
CIC-DOC-019,CastIronCharlie_Treatment_v7 (1).docx,Document,99-Uncategorized,,3,,2026-06-07,Batch_Documents,Batch_Documents,needs_clearance,0,0,3,,
CIC-DOC-020,CastIronCharlie_Treatment_v7.docx,Document,99-Uncategorized,,3,,2026-06-07,Batch_Documents,Batch_Documents,needs_clearance,0,0,3,,
CIC-DOC-021,CastIronCharlie_Treatment_v8 (1).docx,Document,99-Uncategorized,,3,,2026-06-07,Batch_Documents,Batch_Documents,needs_clearance,0,0,3,,
CIC-DOC-022,CastIronCharlie_Treatment_v8.docx,Document,99-Uncategorized,,3,,2026-06-07,Batch_Documents,Batch_Documents,needs_clearance,0,0,3,,
CIC-DOC-023,CastIronCharlie_Treatment_v9 (1).docx,Document,99-Uncategorized,,3,,2026-06-07,Batch_Documents,Batch_Documents,needs_clearance,0,0,3,,
CIC-DOC-024,CastIronCharlie_Treatment_v9.docx,Document,99-Uncategorized,,3,,2026-06-07,Batch_Documents,Batch_Documents,needs_clearance,0,0,3,,
CIC-DOC-025,CastIronCharlieExecutiveSummary.docx,Document,99-Uncategorized,,3,,2026-06-07,Batch_Documents,Batch_Documents,needs_clearance,0,0,3,,
CIC-DOC-026,CCSKing Letter.docx,Document,99-Uncategorized,,3,,2026-06-07,Batch_Documents,Batch_Documents,needs_clearance,0,0,3,,
CIC-DOC-027,Copy of CastIronCharlie Treatment v11.docx,Document,99-Uncategorized,,3,,2026-06-07,Batch_Documents,Batch_Documents,needs_clearance,0,0,3,,
CIC-DOC-028,Final Report of the Foreign Claims Settlement Commission's Adjudication of Claims in its Cuba Program.pdf,Document,99-Uncategorized,,3,,2026-06-07,Batch_Documents,Batch_Documents,needs_clearance,0,0,3,,
CIC-DOC-029,Helene History.doc,Document,99-Uncategorized,,3,,2026-06-07,Batch_Documents,Batch_Documents,needs_clearance,0,0,3,,
CIC-DOC-030,How the Ford 9N Tractor Saved Willys-Overland - Farm Collector.pdf,Document,99-Uncategorized,,3,,2026-06-07,Batch_Documents,Batch_Documents,needs_clearance,0,0,3,,
CIC-DOC-031,Hull140-Helene-BkgndInfo-History-22May16.docx,Document,99-Uncategorized,,3,,2026-06-07,Batch_Documents,Batch_Documents,needs_clearance,0,0,3,,
CIC-DOC-032,Xerox Scan_05212026152505.PDF,Document,99-Uncategorized,,3,,2026-06-07,Batch_Documents,Batch_Documents,needs_clearance,0,0,3,,
CIC-HEL-001,The Main Sheet,1946.pdf,Document,3-M_Y_Helene_Yacht,,3,,2026-06-07,Batch_Helene_Yacht,Batch_Helene_Yacht,0,0,5,4,
CIC-HEL-002,US_226316_f0001_i0001.jpg,Photograph,3-M_Y_Helene_Yacht,,4,,2026-06-07,Batch_Helene_Yacht,Batch_Helene_Yacht,pre_cleared,6,7,7,,
CIC-HEL-003,us_226316_f0001_i0002.jpg,Photograph,3-M_Y_Helene_Yacht,,4,,2026-06-07,Batch_Helene_Yacht,Batch_Helene_Yacht,pre_cleared,6,7,7,,
CIC-HEL-004,us_226316_f0001_i0002a.jpg,Photograph,3-M_Y_Helene_Yacht,,4,,2026-06-07,Batch_Helene_Yacht,Batch_Helene_Yacht,pre_cleared,6,7,7,,
CIC-HEL-005,us_226316_f0001_i0003.jpg,Photograph,3-M_Y_Helene_Yacht,,4,,2026-06-07,Batch_Helene_Yacht,Batch_Helene_Yacht,pre_cleared,6,7,7,,
CIC-HEL-006,us_226316_f0001_i0003a.jpg,Photograph,3-M_Y_Helene_Yacht,,4,,2026-06-07,Batch_Helene_Yacht,Batch_Helene_Yacht,pre_cleared,6,7,7,,
CIC-HEL-007,us_226316_f0001_i0004.jpg,Photograph,3-M_Y_Helene_Yacht,,4,,2026-06-07,Batch_Helene_Yacht,Batch_Helene_Yacht,pre_cleared,6,7,7,,
CIC-HEL-008,us_226316_f0001_i0005.jpg,Photograph,3-M_Y_Helene_Yacht,,4,,2026-06-07,Batch_Helene_Yacht,Batch_Helene_Yacht,pre_cleared,6,7,7,,
CIC-HEL-009,us_226316_f0001_i0005a.jpg,Photograph,3-M_Y_Helene_Yacht,,4,,2026-06-07,Batch_Helene_Yacht,Batch_Helene_Yacht,pre_cleared,6,7,7,,
CIC-HEL-010,us_226316_f0001_i0006.jpg,Photograph,3-M_Y_Helene_Yacht,,4,,2026-06-07,Batch_Helene_Yacht,Batch_Helene_Yacht,pre_cleared,6,7,7,,
CIC-HEL-011,us_226316_f0001_i0007.jpg,Photograph,3-M_Y_Helene_Yacht,,4,,2026-06-07,Batch_Helene_Yacht,Batch_Helene_Yacht,pre_cleared,6,7,7,,
CIC-HEL-012,us_226316_f0001_i0008.jpg,Photograph,3-M_Y_Helene_Yacht,,4,,2026-06-07,Batch_Helene_Yacht,Batch_Helene_Yacht,pre_cleared,6,7,7,,
CIC-HEL-013,us_226316_f0001_i0008a.jpg,Photograph,3-M_Y_Helene_Yacht,,4,,2026-06-07,Batch_Helene_Yacht,Batch_Helene_Yacht,pre_cleared,6,7,7,,
CIC-HEL-014,US_226316_f0002_i0002.jpg,Photograph,3-M_Y_Helene_Yacht,,4,,2026-06-07,Batch_Helene_Yacht,Batch_Helene_Yacht,pre_cleared,6,7,7,,
CIC-HEL-015,US_226316_f0002_i0002a.jpg,Photograph,3-M_Y_Helene_Yacht,,4,,2026-06-07,Batch_Helene_Yacht,Batch_Helene_Yacht,pre_cleared,6,7,7,,
CIC-HEL-016,US_226316_f0002_i0003.jpg,Photograph,3-M_Y_Helene_Yacht,,4,,2026-06-07,Batch_Helene_Yacht,Batch_Helene_Yacht,pre_cleared,6,7,7,,
CIC-HEL-017,US_226316_f0002_i0004.jpg,Photograph,3-M_Y_Helene_Yacht,,4,,2026-06-07,Batch_Helene_Yacht,Batch_Helene_Yacht,pre_cleared,6,7,7,,
CIC-HEL-018,US_226316_f0002_i0004a.jpg,Photograph,3-M_Y_Helene_Yacht,,4,,2026-06-07,Batch_Helene_Yacht,Batch_Helene_Yacht,pre_cleared,6,7,7,,
CIC-HEL-019,US_226316_f0002_i0006.jpg,Photograph,3-M_Y_Helene_Yacht,,4,,2026-06-07,Batch_Helene_Yacht,Batch_Helene_Yacht,pre_cleared,6,7,7,,
CIC-HEL-020,US_226316_f0002_i0006a.jpg,Photograph,3-M_Y_Helene_Yacht,,4,,2026-06-07,Batch_Helene_Yacht,Batch_Helene_Yacht,pre_cleared,6,7,7,,
CIC-HEL-021,US_226316_f0002_i0007.jpg,Photograph,3-M_Y_Helene_Yacht,,4,,2026-06-07,Batch_Helene_Yacht,Batch_Helene_Yacht,pre_cleared,6,7,7,,
CIC-HEL-022,US_226316_f0002_i0008.jpg,Photograph,3-M_Y_Helene_Yacht,,4,,2026-06-07,Batch_Helene_Yacht,Batch_Helene_Yacht,pre_cleared,6,7,7,,
CIC-HEL-023,US_226316_f0002_i0008a.jpg,Photograph,3-M_Y_Helene_Yacht,,4,,2026-06-07,Batch_Helene_Yacht,Batch_Helene_Yacht,pre_cleared,6,7,7,,
CIC-HEL-024,US_226316_f0002_i0009.jpg,Photograph,3-M_Y_Helene_Yacht,,4,,2026-06-07,Batch_Helene_Yacht,Batch_Helene_Yacht,pre_cleared,6,7,7,,
CIC-HEL-025,US_226316_f0002_i0009a.jpg,Photograph,3-M_Y_Helene_Yacht,,4,,2026-06-07,Batch_Helene_Yacht,Batch_Helene_Yacht,pre_cleared,6,7,7,,
CIC-HEL-026,US_226316_f0002_i0010.jpg,Photograph,3-M_Y_Helene_Yacht,,4,,2026-06-07,Batch_Helene_Yacht,Batch_Helene_Yacht,pre_cleared,6,7,7,,
CIC-HEL-027,US_226316_f0002_i0010a.jpg,Photograph,3-M_Y_Helene_Yacht,,4,,2026-06-07,Batch_Helene_Yacht,Batch_Helene_Yacht,pre_cleared,6,7,7,,
CIC-HEL-028,US_226316_f0003_i0001.jpg,Photograph,3-M_Y_Helene_Yacht,,4,,2026-06-07,Batch_Helene_Yacht,Batch_Helene_Yacht,pre_cleared,6,7,7,,
CIC-HEL-029,US_226316_f0003_i0002.jpg,Photograph,3-M_Y_Helene_Yacht,,4,,2026-06-07,Batch_Helene_Yacht,Batch_Helene_Yacht,pre_cleared,6,7,7,,
CIC-HEL-030,US_226316_f0003_i0003.jpg,Photograph,3-M_Y_Helene_Yacht,,4,,2026-06-07,Batch_Helene_Yacht,Batch_Helene_Yacht,pre_cleared,6,7,7,,
CIC-HEL-031,US_226316_f0003_i0003a.jpg,Photograph,3-M_Y_Helene_Yacht,,4,,2026-06-07,Batch_Helene_Yacht,Batch_Helene_Yacht,pre_cleared,6,7,7,,
CIC-HEL-032,US_226316_f0003_i0004.jpg,Photograph,3-M_Y_Helene_Yacht,,4,,2026-06-07,Batch_Helene_Yacht,Batch_Helene_Yacht,pre_cleared,6,7,7,,
CIC-HEL-033,US_226316_f0003_i0004a.jpg,Photograph,3-M_Y_Helene_Yacht,,4,,2026-06-07,Batch_Helene_Yacht,Batch_Helene_Yacht,pre_cleared,6,7,7,,
CIC-HEL-034,US_226316_f0003_i0006.jpg,Photograph,3-M_Y_Helene_Yacht,,4,,2026-06-07,Batch_Helene_Yacht,Batch_Helene_Yacht,pre_cleared,6,7,7,,
CIC-HEL-035,US_226316_f0003_i0007.jpg,Photograph,3-M_Y_Helene_Yacht,,4,,2026-06-07,Batch_Helene_Yacht,Batch_Helene_Yacht,pre_cleared,6,7,7,,
CIC-HEL-036,US_226316_f0003_i0009.jpg,Photograph,3-M_Y_Helene_Yacht,,4,,2026-06-07,Batch_Helene_Yacht,Batch_Helene_Yacht,pre_cleared,6,7,7,,
CIC-HEL-037,US_226316_f0003_i0009a.jpg,Photograph,3-M_Y_Helene_Yacht,,4,,2026-06-07,Batch_Helene_Yacht,Batch_Helene_Yacht,pre_cleared,6,7,7,,
CIC-HEL-038,US_226316_f0004_i0001.jpg,Photograph,3-M_Y_Helene_Yacht,,4,,2026-06-07,Batch_Helene_Yacht,Batch_Helene_Yacht,pre_cleared,6,7,7,,
CIC-HEL-039,US_226316_f0004_i0001a.jpg,Photograph,3-M_Y_Helene_Yacht,,4,,2026-06-07,Batch_Helene_Yacht,Batch_Helene_Yacht,pre_cleared,6,7,7,,
CIC-HEL-040,US_226316_f0004_i0010.jpg,Photograph,3-M_Y_Helene_Yacht,,4,,2026-06-07,Batch_Helene_Yacht,Batch_Helene_Yacht,pre_cleared,6,7,7,,
CIC-HEL-041,US_226316_f0004_i0010a.jpg,Photograph,3-M_Y_Helene_Yacht,,4,,2026-06-07,Batch_Helene_Yacht,Batch_Helene_Yacht,pre_cleared,6,7,7,,
CIC-HEL-042,US_226316_f0004_i0018.jpg,Photograph,3-M_Y_Helene_Yacht,,4,,2026-06-07,Batch_Helene_Yacht,Batch_Helene_Yacht,pre_cleared,6,7,7,,
CIC-HEL-043,US_226316_f0004_i0018a.jpg,Photograph,3-M_Y_Helene_Yacht,,4,,2026-06-07,Batch_Helene_Yacht,Batch_Helene_Yacht,pre_cleared,6,7,7,,
CIC-HEL-044,US_226316_f0004_i0022.jpg,Photograph,3-M_Y_Helene_Yacht,,4,,2026-06-07,Batch_Helene_Yacht,Batch_Helene_Yacht,pre_cleared,6,7,7,,
CIC-HEL-045,US_226316_f0004_i0022a.jpg,Photograph,3-M_Y_Helene_Yacht,,4,,2026-06-07,Batch_Helene_Yacht,Batch_Helene_Yacht,pre_cleared,6,7,7,,
CIC-WR-001,IMG_0065.PNG,Photograph,1-Willow_Run_Bomber_Plant,,5,,2026-06-07,Batch_Kroll_Willow_Run,Batch_Kroll_Willow_Run,pre_cleared,7,8,8,,
CIC-WR-002,IMG_0284.heic,Photograph,1-Willow_Run_Bomber_Plant,,5,,2026-06-07,Batch_Kroll_Willow_Run,Batch_Kroll_Willow_Run,pre_cleared,7,8,8,,
CIC-WR-003,IMG_0384.PNG,Photograph,1-Willow_Run_Bomber_Plant,,5,,2026-06-07,Batch_Kroll_Willow_Run,Batch_Kroll_Willow_Run,pre_cleared,7,8,8,,
CIC-WR-004,IMG_0387.PNG,Photograph,1-Willow_Run_Bomber_Plant,,5,,2026-06-07,Batch_Kroll_Willow_Run,Batch_Kroll_Willow_Run,pre_cleared,7,8,8,,
CIC-WR-005,IMG_0406.jpg,Photograph,1-Willow_Run_Bomber_Plant,,5,,2026-06-07,Batch_Kroll_Willow_Run,Batch_Kroll_Willow_Run,pre_cleared,7,8,8,,
CIC-WR-006,IMG_0419.PNG,Photograph,1-Willow_Run_Bomber_Plant,,5,,2026-06-07,Batch_Kroll_Willow_Run,Batch_Kroll_Willow_Run,pre_cleared,7,8,8,,
CIC-WR-007,IMG_0475.PNG,Photograph,1-Willow_Run_Bomber_Plant,,5,,2026-06-07,Batch_Kroll_Willow_Run,Batch_Kroll_Willow_Run,pre_cleared,7,8,8,,
CIC-WR-008,IMG_0572.PNG,Photograph,1-Willow_Run_Bomber_Plant,,5,,2026-06-07,Batch_Kroll_Willow_Run,Batch_Kroll_Willow_Run,pre_cleared,7,8,8,,
CIC-WR-009,IMG_0665.PNG,Photograph,1-Willow_Run_Bomber_Plant,,5,,2026-06-07,Batch_Kroll_Willow_Run,Batch_Kroll_Willow_Run,pre_cleared,7,8,8,,
CIC-WR-010,IMG_0871.jpg,Photograph,1-Willow_Run_Bomber_Plant,,5,,2026-06-07,Batch_Kroll_Willow_Run,Batch_Kroll_Willow_Run,pre_cleared,7,8,8,,
CIC-WR-011,IMG_0874.PNG,Photograph,1-Willow_Run_Bomber_Plant,,5,,2026-06-07,Batch_Kroll_Willow_Run,Batch_Kroll_Willow_Run,pre_cleared,7,8,8,,
CIC-WR-012,IMG_0905.heic,Photograph,1-Willow_Run_Bomber_Plant,,5,,2026-06-07,Batch_Kroll_Willow_Run,Batch_Kroll_Willow_Run,pre_cleared,7,8,8,,
CIC-WR-013,IMG_0935.heic,Photograph,1-Willow_Run_Bomber_Plant,,5,,2026-06-07,Batch_Kroll_Willow_Run,Batch_Kroll_Willow_Run,pre_cleared,7,8,8,,
CIC-WR-014,IMG_0948.PNG,Photograph,1-Willow_Run_Bomber_Plant,,5,,2026-06-07,Batch_Kroll_Willow_Run,Batch_Kroll_Willow_Run,pre_cleared,7,8,8,,
CIC-WR-015,IMG_0957.PNG,Photograph,1-Willow_Run_Bomber_Plant,,5,,2026-06-07,Batch_Kroll_Willow_Run,Batch_Kroll_Willow_Run,pre_cleared,7,8,8,,
CIC-WR-016,IMG_0989.HEIC,Photograph,1-Willow_Run_Bomber_Plant,,5,,2026-06-07,Batch_Kroll_Willow_Run,Batch_Kroll_Willow_Run,pre_cleared,7,8,8,,
CIC-WR-017,IMG_0989.PNG,Photograph,1-Willow_Run_Bomber_Plant,,5,,2026-06-07,Batch_Kroll_Willow_Run,Batch_Kroll_Willow_Run,pre_cleared,7,8,8,,
CIC-WR-018,IMG_0990.HEIC,Photograph,1-Willow_Run_Bomber_Plant,,5,,2026-06-07,Batch_Kroll_Willow_Run,Batch_Kroll_Willow_Run,pre_cleared,7,8,8,,
CIC-WR-019,IMG_0991.HEIC,Photograph,1-Willow_Run_Bomber_Plant,,5,,2026-06-07,Batch_Kroll_Willow_Run,Batch_Kroll_Willow_Run,pre_cleared,7,8,8,,
CIC-WR-020,IMG_0992.HEIC,Photograph,1-Willow_Run_Bomber_Plant,,5,,2026-06-07,Batch_Kroll_Willow_Run,Batch_Kroll_Willow_Run,pre_cleared,7,8,8,,
CIC-WR-021,IMG_0994.HEIC,Photograph,1-Willow_Run_Bomber_Plant,,5,,2026-06-07,Batch_Kroll_Willow_Run,Batch_Kroll_Willow_Run,pre_cleared,7,8,8,,
CIC-WR-022,IMG_1004.heic,Photograph,1-Willow_Run_Bomber_Plant,,5,,2026-06-07,Batch_Kroll_Willow_Run,Batch_Kroll_Willow_Run,pre_cleared,7,8,8,,
CIC-WR-023,IMG_1149 (1).PNG,Photograph,1-Willow_Run_Bomber_Plant,,5,,2026-06-07,Batch_Kroll_Willow_Run,Batch_Kroll_Willow_Run,pre_cleared,7,8,8,,
CIC-WR-024,IMG_1149.PNG,Photograph,1-Willow_Run_Bomber_Plant,,5,,2026-06-07,Batch_Kroll_Willow_Run,Batch_Kroll_Willow_Run,pre_cleared,7,8,8,,
CIC-WR-025,IMG_1167 (1).PNG,Photograph,1-Willow_Run_Bomber_Plant,,5,,2026-06-07,Batch_Kroll_Willow_Run,Batch_Kroll_Willow_Run,pre_cleared,7,8,8,,
CIC-WR-026,IMG_1167.PNG,Photograph,1-Willow_Run_Bomber_Plant,,5,,2026-06-07,Batch_Kroll_Willow_Run,Batch_Kroll_Willow_Run,pre_cleared,7,8,8,,
CIC-WR-027,IMG_1168 (1).PNG,Photograph,1-Willow_Run_Bomber_Plant,,5,,2026-06-07,Batch_Kroll_Willow_Run,Batch_Kroll_Willow_Run,pre_cleared,7,8,8,,
CIC-WR-028,IMG_1168.PNG,Photograph,1-Willow_Run_Bomber_Plant,,5,,2026-06-07,Batch_Kroll_Willow_Run,Batch_Kroll_Willow_Run,pre_cleared,7,8,8,,
CIC-WR-029,IMG_1170 (1).PNG,Photograph,1-Willow_Run_Bomber_Plant,,5,,2026-06-07,Batch_Kroll_Willow_Run,Batch_Kroll_Willow_Run,pre_cleared,7,8,8,,
CIC-WR-030,IMG_1170.PNG,Photograph,1-Willow_Run_Bomber_Plant,,5,,2026-06-07,Batch_Kroll_Willow_Run,Batch_Kroll_Willow_Run,pre_cleared,7,8,8,,
CIC-WR-031,IMG_1178.JPG,Photograph,1-Willow_Run_Bomber_Plant,,5,,2026-06-07,Batch_Kroll_Willow_Run,Batch_Kroll_Willow_Run,pre_cleared,7,8,8,,
CIC-WR-032,IMG_1179.JPG,Photograph,1-Willow_Run_Bomber_Plant,,5,,2026-06-07,Batch_Kroll_Willow_Run,Batch_Kroll_Willow_Run,pre_cleared,7,8,8,,
CIC-WR-033,IMG_1180.JPG,Photograph,1-Willow_Run_Bomber_Plant,,5,,2026-06-07,Batch_Kroll_Willow_Run,Batch_Kroll_Willow_Run,pre_cleared,7,8,8,,
CIC-WR-034,IMG_1181.JPG,Photograph,1-Willow_Run_Bomber_Plant,,5,,2026-06-07,Batch_Kroll_Willow_Run,Batch_Kroll_Willow_Run,pre_cleared,7,8,8,,
CIC-WR-035,IMG_1182.JPG,Photograph,1-Willow_Run_Bomber_Plant,,5,,2026-06-07,Batch_Kroll_Willow_Run,Batch_Kroll_Willow_Run,pre_cleared,7,8,8,,
CIC-WR-036,IMG_1183.JPG,Photograph,1-Willow_Run_Bomber_Plant,,5,,2026-06-07,Batch_Kroll_Willow_Run,Batch_Kroll_Willow_Run,pre_cleared,7,8,8,,
CIC-WR-037,IMG_1184.JPG,Photograph,1-Willow_Run_Bomber_Plant,,5,,2026-06-07,Batch_Kroll_Willow_Run,Batch_Kroll_Willow_Run,pre_cleared,7,8,8,,
CIC-WR-038,IMG_1185.JPG,Photograph,1-Willow_Run_Bomber_Plant,,5,,2026-06-07,Batch_Kroll_Willow_Run,Batch_Kroll_Willow_Run,pre_cleared,7,8,8,,
CIC-WR-039,IMG_1186.JPG,Photograph,1-Willow_Run_Bomber_Plant,,5,,2026-06-07,Batch_Kroll_Willow_Run,Batch_Kroll_Willow_Run,pre_cleared,7,8,8,,
CIC-WR-040,IMG_1187.JPG,Photograph,1-Willow_Run_Bomber_Plant,,5,,2026-06-07,Batch_Kroll_Willow_Run,Batch_Kroll_Willow_Run,pre_cleared,7,8,8,,
CIC-WR-041,IMG_1188.JPG,Photograph,1-Willow_Run_Bomber_Plant,,5,,2026-06-07,Batch_Kroll_Willow_Run,Batch_Kroll_Willow_Run,pre_cleared,7,8,8,,
CIC-WR-042,IMG_1189.JPG,Photograph,1-Willow_Run_Bomber_Plant,,5,,2026-06-07,Batch_Kroll_Willow_Run,Batch_Kroll_Willow_Run,pre_cleared,7,8,8,,
CIC-WR-043,IMG_1190.JPG,Photograph,1-Willow_Run_Bomber_Plant,,5,,2026-06-07,Batch_Kroll_Willow_Run,Batch_Kroll_Willow_Run,pre_cleared,7,8,8,,
CIC-WR-044,IMG_1191.JPG,Photograph,1-Willow_Run_Bomber_Plant,,5,,2026-06-07,Batch_Kroll_Willow_Run,Batch_Kroll_Willow_Run,pre_cleared,7,8,8,,
CIC-WR-045,IMG_1192.JPG,Photograph,1-Willow_Run_Bomber_Plant,,5,,2026-06-07,Batch_Kroll_Willow_Run,Batch_Kroll_Willow_Run,pre_cleared,7,8,8,,
CIC-WR-046,IMG_1193.JPG,Photograph,1-Willow_Run_Bomber_Plant,,5,,2026-06-07,Batch_Kroll_Willow_Run,Batch_Kroll_Willow_Run,pre_cleared,7,8,8,,
CIC-WR-047,IMG_1194.JPG,Photograph,1-Willow_Run_Bomber_Plant,,5,,2026-06-07,Batch_Kroll_Willow_Run,Batch_Kroll_Willow_Run,pre_cleared,7,8,8,,
CIC-WR-048,IMG_1195.JPG,Photograph,1-Willow_Run_Bomber_Plant,,5,,2026-06-07,Batch_Kroll_Willow_Run,Batch_Kroll_Willow_Run,pre_cleared,7,8,8,,
CIC-WR-049,IMG_1196.JPG,Photograph,1-Willow_Run_Bomber_Plant,,5,,2026-06-07,Batch_Kroll_Willow_Run,Batch_Kroll_Willow_Run,pre_cleared,7,8,8,,
CIC-WR-050,IMG_1197.JPG,Photograph,1-Willow_Run_Bomber_Plant,,5,,2026-06-07,Batch_Kroll_Willow_Run,Batch_Kroll_Willow_Run,pre_cleared,7,8,8,,
CIC-WR-051,IMG_1199.JPG,Photograph,1-Willow_Run_Bomber_Plant,,5,,2026-06-07,Batch_Kroll_Willow_Run,Batch_Kroll_Willow_Run,pre_cleared,7,8,8,,
CIC-WR-052,IMG_1200.JPG,Photograph,1-Willow_Run_Bomber_Plant,,5,,2026-06-07,Batch_Kroll_Willow_Run,Batch_Kroll_Willow_Run,pre_cleared,7,8,8,,
CIC-WR-053,IMG_1201.JPG,Photograph,1-Willow_Run_Bomber_Plant,,5,,2026-06-07,Batch_Kroll_Willow_Run,Batch_Kroll_Willow_Run,pre_cleared,7,8,8,,
CIC-WR-054,IMG_1202.JPG,Photograph,1-Willow_Run_Bomber_Plant,,5,,2026-06-07,Batch_Kroll_Willow_Run,Batch_Kroll_Willow_Run,pre_cleared,7,8,8,,
CIC-WR-055,IMG_1203.JPG,Photograph,1-Willow_Run_Bomber_Plant,,5,,2026-06-07,Batch_Kroll_Willow_Run,Batch_Kroll_Willow_Run,pre_cleared,7,8,8,,
CIC-WR-056,IMG_1204.JPG,Photograph,1-Willow_Run_Bomber_Plant,,5,,2026-06-07,Batch_Kroll_Willow_Run,Batch_Kroll_Willow_Run,pre_cleared,7,8,8,,
CIC-WR-057,IMG_1205.JPG,Photograph,1-Willow_Run_Bomber_Plant,,5,,2026-06-07,Batch_Kroll_Willow_Run,Batch_Kroll_Willow_Run,pre_cleared,7,8,8,,
CIC-WR-058,IMG_1206.JPG,Photograph,1-Willow_Run_Bomber_Plant,,5,,2026-06-07,Batch_Kroll_Willow_Run,Batch_Kroll_Willow_Run,pre_cleared,7,8,8,,
CIC-WR-059,IMG_1207.JPG,Photograph,1-Willow_Run_Bomber_Plant,,5,,2026-06-07,Batch_Kroll_Willow_Run,Batch_Kroll_Willow_Run,pre_cleared,7,8,8,,
CIC-WR-060,IMG_1208.JPG,Photograph,1-Willow_Run_Bomber_Plant,,5,,2026-06-07,Batch_Kroll_Willow_Run,Batch_Kroll_Willow_Run,pre_cleared,7,8,8,,
CIC-WR-061,IMG_1209.JPG,Photograph,1-Willow_Run_Bomber_Plant,,5,,2026-06-07,Batch_Kroll_Willow_Run,Batch_Kroll_Willow_Run,pre_cleared,7,8,8,,
CIC-WR-062,IMG_1210.PNG,Photograph,1-Willow_Run_Bomber_Plant,,5,,2026-06-07,Batch_Kroll_Willow_Run,Batch_Kroll_Willow_Run,pre_cleared,7,8,8,,
CIC-WR-063,IMG_1211.JPG,Photograph,1-Willow_Run_Bomber_Plant,,5,,2026-06-07,Batch_Kroll_Willow_Run,Batch_Kroll_Willow_Run,pre_cleared,7,8,8,,
CIC-WR-064,IMG_1212.JPG,Photograph,1-Willow_Run_Bomber_Plant,,5,,2026-06-07,Batch_Kroll_Willow_Run,Batch_Kroll_Willow_Run,pre_cleared,7,8,8,,
CIC-WR-065,IMG_1213.JPG,Photograph,1-Willow_Run_Bomber_Plant,,5,,2026-06-07,Batch_Kroll_Willow_Run,Batch_Kroll_Willow_Run,pre_cleared,7,8,8,,
CIC-WR-066,IMG_1214.JPG,Photograph,1-Willow_Run_Bomber_Plant,,5,,2026-06-07,Batch_Kroll_Willow_Run,Batch_Kroll_Willow_Run,pre_cleared,7,8,8,,
CIC-WR-067,IMG_1215.JPG,Photograph,1-Willow_Run_Bomber_Plant,,5,,2026-06-07,Batch_Kroll_Willow_Run,Batch_Kroll_Willow_Run,pre_cleared,7,8,8,,
CIC-WR-068,IMG_1217.HEIC,Photograph,1-Willow_Run_Bomber_Plant,,5,,2026-06-07,Batch_Kroll_Willow_Run,Batch_Kroll_Willow_Run,pre_cleared,7,8,8,,
CIC-WR-069,IMG_1218.HEIC,Photograph,1-Willow_Run_Bomber_Plant,,5,,2026-06-07,Batch_Kroll_Willow_Run,Batch_Kroll_Willow_Run,pre_cleared,7,8,8,,
CIC-WR-070,IMG_1219.HEIC,Photograph,1-Willow_Run_Bomber_Plant,,5,,2026-06-07,Batch_Kroll_Willow_Run,Batch_Kroll_Willow_Run,pre_cleared,7,8,8,,
CIC-WR-071,IMG_1338.PNG,Photograph,1-Willow_Run_Bomber_Plant,,5,,2026-06-07,Batch_Kroll_Willow_Run,Batch_Kroll_Willow_Run,pre_cleared,7,8,8,,
CIC-WR-072,IMG_1339.PNG,Photograph,1-Willow_Run_Bomber_Plant,,5,,2026-06-07,Batch_Kroll_Willow_Run,Batch_Kroll_Willow_Run,pre_cleared,7,8,8,,
CIC-WR-073,IMG_1340.PNG,Photograph,1-Willow_Run_Bomber_Plant,,5,,2026-06-07,Batch_Kroll_Willow_Run,Batch_Kroll_Willow_Run,pre_cleared,7,8,8,,
CIC-WR-074,IMG_1341.PNG,Photograph,1-Willow_Run_Bomber_Plant,,5,,2026-06-07,Batch_Kroll_Willow_Run,Batch_Kroll_Willow_Run,pre_cleared,7,8,8,,
CIC-WR-075,IMG_1342.PNG,Photograph,1-Willow_Run_Bomber_Plant,,5,,2026-06-07,Batch_Kroll_Willow_Run,Batch_Kroll_Willow_Run,pre_cleared,7,8,8,,
CIC-WR-076,IMG_1343.JPG,Photograph,1-Willow_Run_Bomber_Plant,,5,,2026-06-07,Batch_Kroll_Willow_Run,Batch_Kroll_Willow_Run,pre_cleared,7,8,8,,
CIC-WR-077,IMG_1344.JPG,Photograph,1-Willow_Run_Bomber_Plant,,5,,2026-06-07,Batch_Kroll_Willow_Run,Batch_Kroll_Willow_Run,pre_cleared,7,8,8,,
CIC-WR-078,IMG_1345.JPG,Photograph,1-Willow_Run_Bomber_Plant,,5,,2026-06-07,Batch_Kroll_Willow_Run,Batch_Kroll_Willow_Run,pre_cleared,7,8,8,,
CIC-WR-079,IMG_1346.JPG,Photograph,1-Willow_Run_Bomber_Plant,,5,,2026-06-07,Batch_Kroll_Willow_Run,Batch_Kroll_Willow_Run,pre_cleared,7,8,8,,
CIC-WR-080,IMG_1348.JPG,Photograph,1-Willow_Run_Bomber_Plant,,5,,2026-06-07,Batch_Kroll_Willow_Run,Batch_Kroll_Willow_Run,pre_cleared,7,8,8,,
CIC-WR-081,IMG_1349.JPG,Photograph,1-Willow_Run_Bomber_Plant,,5,,2026-06-07,Batch_Kroll_Willow_Run,Batch_Kroll_Willow_Run,pre_cleared,7,8,8,,
CIC-WR-082,IMG_1350.JPG,Photograph,1-Willow_Run_Bomber_Plant,,5,,2026-06-07,Batch_Kroll_Willow_Run,Batch_Kroll_Willow_Run,pre_cleared,7,8,8,,
CIC-WR-083,IMG_1351.JPG,Photograph,1-Willow_Run_Bomber_Plant,,5,,2026-06-07,Batch_Kroll_Willow_Run,Batch_Kroll_Willow_Run,pre_cleared,7,8,8,,
CIC-WR-084,IMG_1352.JPG,Photograph,1-Willow_Run_Bomber_Plant,,5,,2026-06-07,Batch_Kroll_Willow_Run,Batch_Kroll_Willow_Run,pre_cleared,7,8,8,,
CIC-WR-085,IMG_1353.JPG,Photograph,1-Willow_Run_Bomber_Plant,,5,,2026-06-07,Batch_Kroll_Willow_Run,Batch_Kroll_Willow_Run,pre_cleared,7,8,8,,
CIC-WR-086,IMG_1355.JPG,Photograph,1-Willow_Run_Bomber_Plant,,5,,2026-06-07,Batch_Kroll_Willow_Run,Batch_Kroll_Willow_Run,pre_cleared,7,8,8,,
CIC-WR-087,IMG_1356.JPG,Photograph,1-Willow_Run_Bomber_Plant,,5,,2026-06-07,Batch_Kroll_Willow_Run,Batch_Kroll_Willow_Run,pre_cleared,7,8,8,,
CIC-WR-088,IMG_1357.JPG,Photograph,1-Willow_Run_Bomber_Plant,,5,,2026-06-07,Batch_Kroll_Willow_Run,Batch_Kroll_Willow_Run,pre_cleared,7,8,8,,
CIC-WR-089,IMG_1358.JPG,Photograph,1-Willow_Run_Bomber_Plant,,5,,2026-06-07,Batch_Kroll_Willow_Run,Batch_Kroll_Willow_Run,pre_cleared,7,8,8,,
CIC-WR-090,IMG_1359.JPG,Photograph,1-Willow_Run_Bomber_Plant,,5,,2026-06-07,Batch_Kroll_Willow_Run,Batch_Kroll_Willow_Run,pre_cleared,7,8,8,,
CIC-WR-091,IMG_1360.JPG,Photograph,1-Willow_Run_Bomber_Plant,,5,,2026-06-07,Batch_Kroll_Willow_Run,Batch_Kroll_Willow_Run,pre_cleared,7,8,8,,
CIC-WR-092,IMG_1361.JPG,Photograph,1-Willow_Run_Bomber_Plant,,5,,2026-06-07,Batch_Kroll_Willow_Run,Batch_Kroll_Willow_Run,pre_cleared,7,8,8,,
CIC-WR-093,IMG_1362.JPG,Photograph,1-Willow_Run_Bomber_Plant,,5,,2026-06-07,Batch_Kroll_Willow_Run,Batch_Kroll_Willow_Run,pre_cleared,7,8,8,,
CIC-WR-094,IMG_1385.JPG,Photograph,1-Willow_Run_Bomber_Plant,,5,,2026-06-07,Batch_Kroll_Willow_Run,Batch_Kroll_Willow_Run,pre_cleared,7,8,8,,
CIC-WR-095,IMG_1386.JPG,Photograph,1-Willow_Run_Bomber_Plant,,5,,2026-06-07,Batch_Kroll_Willow_Run,Batch_Kroll_Willow_Run,pre_cleared,7,8,8,,
CIC-WR-096,IMG_1387.JPG,Photograph,1-Willow_Run_Bomber_Plant,,5,,2026-06-07,Batch_Kroll_Willow_Run,Batch_Kroll_Willow_Run,pre_cleared,7,8,8,,
CIC-WR-097,IMG_1388.JPG,Photograph,1-Willow_Run_Bomber_Plant,,5,,2026-06-07,Batch_Kroll_Willow_Run,Batch_Kroll_Willow_Run,pre_cleared,7,8,8,,
CIC-WR-098,IMG_1389.JPG,Photograph,1-Willow_Run_Bomber_Plant,,5,,2026-06-07,Batch_Kroll_Willow_Run,Batch_Kroll_Willow_Run,pre_cleared,7,8,8,,
CIC-WR-099,IMG_1390.JPG,Photograph,1-Willow_Run_Bomber_Plant,,5,,2026-06-07,Batch_Kroll_Willow_Run,Batch_Kroll_Willow_Run,pre_cleared,7,8,8,,
CIC-WR-100,IMG_1391.JPG,Photograph,1-Willow_Run_Bomber_Plant,,5,,2026-06-07,Batch_Kroll_Willow_Run,Batch_Kroll_Willow_Run,pre_cleared,7,8,8,,
CIC-WR-101,IMG_1392.JPG,Photograph,1-Willow_Run_Bomber_Plant,,5,,2026-06-07,Batch_Kroll_Willow_Run,Batch_Kroll_Willow_Run,pre_cleared,7,8,8,,
CIC-WR-102,IMG_1393.JPG,Photograph,1-Willow_Run_Bomber_Plant,,5,,2026-06-07,Batch_Kroll_Willow_Run,Batch_Kroll_Willow_Run,pre_cleared,7,8,8,,
CIC-WR-103,IMG_1394.JPG,Photograph,1-Willow_Run_Bomber_Plant,,5,,2026-06-07,Batch_Kroll_Willow_Run,Batch_Kroll_Willow_Run,pre_cleared,7,8,8,,
CIC-WR-104,IMG_1395.JPG,Photograph,1-Willow_Run_Bomber_Plant,,5,,2026-06-07,Batch_Kroll_Willow_Run,Batch_Kroll_Willow_Run,pre_cleared,7,8,8,,
CIC-WR-105,IMG_1396.JPG,Photograph,1-Willow_Run_Bomber_Plant,,5,,2026-06-07,Batch_Kroll_Willow_Run,Batch_Kroll_Willow_Run,pre_cleared,7,8,8,,
CIC-WR-106,IMG_1397.JPG,Photograph,1-Willow_Run_Bomber_Plant,,5,,2026-06-07,Batch_Kroll_Willow_Run,Batch_Kroll_Willow_Run,pre_cleared,7,8,8,,
CIC-WR-107,IMG_1399.PNG,Photograph,1-Willow_Run_Bomber_Plant,,5,,2026-06-07,Batch_Kroll_Willow_Run,Batch_Kroll_Willow_Run,pre_cleared,7,8,8,,
CIC-WR-108,IMG_1400.PNG,Photograph,1-Willow_Run_Bomber_Plant,,5,,2026-06-07,Batch_Kroll_Willow_Run,Batch_Kroll_Willow_Run,pre_cleared,7,8,8,,
CIC-WR-109,IMG_1401.PNG,Photograph,1-Willow_Run_Bomber_Plant,,5,,2026-06-07,Batch_Kroll_Willow_Run,Batch_Kroll_Willow_Run,pre_cleared,7,8,8,,
CIC-WR-110,IMG_1402.PNG,Photograph,1-Willow_Run_Bomber_Plant,,5,,2026-06-07,Batch_Kroll_Willow_Run,Batch_Kroll_Willow_Run,pre_cleared,7,8,8,,
CIC-WR-111,IMG_1403.PNG,Photograph,1-Willow_Run_Bomber_Plant,,5,,2026-06-07,Batch_Kroll_Willow_Run,Batch_Kroll_Willow_Run,pre_cleared,7,8,8,,
CIC-WR-112,IMG_1404.PNG,Photograph,1-Willow_Run_Bomber_Plant,,5,,2026-06-07,Batch_Kroll_Willow_Run,Batch_Kroll_Willow_Run,pre_cleared,7,8,8,,
CIC-WR-113,IMG_1405.JPG,Photograph,1-Willow_Run_Bomber_Plant,,5,,2026-06-07,Batch_Kroll_Willow_Run,Batch_Kroll_Willow_Run,pre_cleared,7,8,8,,
CIC-WR-114,IMG_1406.JPG,Photograph,1-Willow_Run_Bomber_Plant,,5,,2026-06-07,Batch_Kroll_Willow_Run,Batch_Kroll_Willow_Run,pre_cleared,7,8,8,,
CIC-WR-115,IMG_1407.JPG,Photograph,1-Willow_Run_Bomber_Plant,,5,,2026-06-07,Batch_Kroll_Willow_Run,Batch_Kroll_Willow_Run,pre_cleared,7,8,8,,
CIC-WR-116,IMG_1408.JPG,Photograph,1-Willow_Run_Bomber_Plant,,5,,2026-06-07,Batch_Kroll_Willow_Run,Batch_Kroll_Willow_Run,pre_cleared,7,8,8,,
CIC-WR-117,IMG_1409.JPG,Photograph,1-Willow_Run_Bomber_Plant,,5,,2026-06-07,Batch_Kroll_Willow_Run,Batch_Kroll_Willow_Run,pre_cleared,7,8,8,,
CIC-WR-118,IMG_1410.PNG,Photograph,1-Willow_Run_Bomber_Plant,,5,,2026-06-07,Batch_Kroll_Willow_Run,Batch_Kroll_Willow_Run,pre_cleared,7,8,8,,
CIC-WR-119,IMG_1411.PNG,Photograph,1-Willow_Run_Bomber_Plant,,5,,2026-06-07,Batch_Kroll_Willow_Run,Batch_Kroll_Willow_Run,pre_cleared,7,8,8,,
CIC-WR-120,IMG_1412.PNG,Photograph,1-Willow_Run_Bomber_Plant,,5,,2026-06-07,Batch_Kroll_Willow_Run,Batch_Kroll_Willow_Run,pre_cleared,7,8,8,,
CIC-WR-121,IMG_1413.PNG,Photograph,1-Willow_Run_Bomber_Plant,,5,,2026-06-07,Batch_Kroll_Willow_Run,Batch_Kroll_Willow_Run,pre_cleared,7,8,8,,
CIC-WR-122,IMG_1414.PNG,Photograph,1-Willow_Run_Bomber_Plant,,5,,2026-06-07,Batch_Kroll_Willow_Run,Batch_Kroll_Willow_Run,pre_cleared,7,8,8,,
CIC-WR-123,IMG_1415.JPG,Photograph,1-Willow_Run_Bomber_Plant,,5,,2026-06-07,Batch_Kroll_Willow_Run,Batch_Kroll_Willow_Run,pre_cleared,7,8,8,,
CIC-WR-124,IMG_1416.JPG,Photograph,1-Willow_Run_Bomber_Plant,,5,,2026-06-07,Batch_Kroll_Willow_Run,Batch_Kroll_Willow_Run,pre_cleared,7,8,8,,
CIC-WR-125,IMG_1417.JPG,Photograph,1-Willow_Run_Bomber_Plant,,5,,2026-06-07,Batch_Kroll_Willow_Run,Batch_Kroll_Willow_Run,pre_cleared,7,8,8,,
CIC-WR-126,IMG_1418.JPG,Photograph,1-Willow_Run_Bomber_Plant,,5,,2026-06-07,Batch_Kroll_Willow_Run,Batch_Kroll_Willow_Run,pre_cleared,7,8,8,,
CIC-WR-127,IMG_1419.JPG,Photograph,1-Willow_Run_Bomber_Plant,,5,,2026-06-07,Batch_Kroll_Willow_Run,Batch_Kroll_Willow_Run,pre_cleared,7,8,8,,
CIC-WR-128,IMG_1420.JPG,Photograph,1-Willow_Run_Bomber_Plant,,5,,2026-06-07,Batch_Kroll_Willow_Run,Batch_Kroll_Willow_Run,pre_cleared,7,8,8,,
CIC-WR-129,IMG_1421.JPG,Photograph,1-Willow_Run_Bomber_Plant,,5,,2026-06-07,Batch_Kroll_Willow_Run,Batch_Kroll_Willow_Run,pre_cleared,7,8,8,,
CIC-WR-130,IMG_1422.JPG,Photograph,1-Willow_Run_Bomber_Plant,,5,,2026-06-07,Batch_Kroll_Willow_Run,Batch_Kroll_Willow_Run,pre_cleared,7,8,8,,
CIC-WR-131,IMG_1423.JPG,Photograph,1-Willow_Run_Bomber_Plant,,5,,2026-06-07,Batch_Kroll_Willow_Run,Batch_Kroll_Willow_Run,pre_cleared,7,8,8,,
CIC-WR-132,IMG_1424.JPG,Photograph,1-Willow_Run_Bomber_Plant,,5,,2026-06-07,Batch_Kroll_Willow_Run,Batch_Kroll_Willow_Run,pre_cleared,7,8,8,,
CIC-WR-133,IMG_1425.JPG,Photograph,1-Willow_Run_Bomber_Plant,,5,,2026-06-07,Batch_Kroll_Willow_Run,Batch_Kroll_Willow_Run,pre_cleared,7,8,8,,
CIC-WR-134,IMG_1426.JPG,Photograph,1-Willow_Run_Bomber_Plant,,5,,2026-06-07,Batch_Kroll_Willow_Run,Batch_Kroll_Willow_Run,pre_cleared,7,8,8,,
CIC-WR-135,IMG_1427.PNG,Photograph,1-Willow_Run_Bomber_Plant,,5,,2026-06-07,Batch_Kroll_Willow_Run,Batch_Kroll_Willow_Run,pre_cleared,7,8,8,,
CIC-WR-136,IMG_1428.PNG,Photograph,1-Willow_Run_Bomber_Plant,,5,,2026-06-07,Batch_Kroll_Willow_Run,Batch_Kroll_Willow_Run,pre_cleared,7,8,8,,
CIC-WR-137,IMG_1429.PNG,Photograph,1-Willow_Run_Bomber_Plant,,5,,2026-06-07,Batch_Kroll_Willow_Run,Batch_Kroll_Willow_Run,pre_cleared,7,8,8,,
CIC-WR-138,IMG_1430.JPG,Photograph,1-Willow_Run_Bomber_Plant,,5,,2026-06-07,Batch_Kroll_Willow_Run,Batch_Kroll_Willow_Run,pre_cleared,7,8,8,,
CIC-WR-139,IMG_1431.JPG,Photograph,1-Willow_Run_Bomber_Plant,,5,,2026-06-07,Batch_Kroll_Willow_Run,Batch_Kroll_Willow_Run,pre_cleared,7,8,8,,
CIC-WR-140,IMG_1432.JPG,Photograph,1-Willow_Run_Bomber_Plant,,5,,2026-06-07,Batch_Kroll_Willow_Run,Batch_Kroll_Willow_Run,pre_cleared,7,8,8,,
CIC-WR-141,IMG_1433.JPG,Photograph,1-Willow_Run_Bomber_Plant,,5,,2026-06-07,Batch_Kroll_Willow_Run,Batch_Kroll_Willow_Run,pre_cleared,7,8,8,,
CIC-WR-142,IMG_1434.JPG,Photograph,1-Willow_Run_Bomber_Plant,,5,,2026-06-07,Batch_Kroll_Willow_Run,Batch_Kroll_Willow_Run,pre_cleared,7,8,8,,
CIC-WR-143,IMG_1435.JPG,Photograph,1-Willow_Run_Bomber_Plant,,5,,2026-06-07,Batch_Kroll_Willow_Run,Batch_Kroll_Willow_Run,pre_cleared,7,8,8,,
CIC-WR-144,IMG_1436.JPG,Photograph,1-Willow_Run_Bomber_Plant,,5,,2026-06-07,Batch_Kroll_Willow_Run,Batch_Kroll_Willow_Run,pre_cleared,7,8,8,,
CIC-WR-145,IMG_1614.PNG,Photograph,1-Willow_Run_Bomber_Plant,,5,,2026-06-07,Batch_Kroll_Willow_Run,Batch_Kroll_Willow_Run,pre_cleared,7,8,8,,
CIC-WR-146,IMG_1786.PNG,Photograph,1-Willow_Run_Bomber_Plant,,5,,2026-06-07,Batch_Kroll_Willow_Run,Batch_Kroll_Willow_Run,pre_cleared,7,8,8,,
CIC-WR-147,IMG_1915.jpg,Photograph,1-Willow_Run_Bomber_Plant,,5,,2026-06-07,Batch_Kroll_Willow_Run,Batch_Kroll_Willow_Run,pre_cleared,7,8,8,,
CIC-WR-148,IMG_1925.PNG,Photograph,1-Willow_Run_Bomber_Plant,,5,,2026-06-07,Batch_Kroll_Willow_Run,Batch_Kroll_Willow_Run,pre_cleared,7,8,8,,
CIC-WR-149,IMG_1926.PNG,Photograph,1-Willow_Run_Bomber_Plant,,5,,2026-06-07,Batch_Kroll_Willow_Run,Batch_Kroll_Willow_Run,pre_cleared,7,8,8,,
CIC-WR-150,IMG_1927.PNG,Photograph,1-Willow_Run_Bomber_Plant,,5,,2026-06-07,Batch_Kroll_Willow_Run,Batch_Kroll_Willow_Run,pre_cleared,7,8,8,,
CIC-WR-151,IMG_1928.PNG,Photograph,1-Willow_Run_Bomber_Plant,,5,,2026-06-07,Batch_Kroll_Willow_Run,Batch_Kroll_Willow_Run,pre_cleared,7,8,8,,
CIC-WR-152,IMG_1929.PNG,Photograph,1-Willow_Run_Bomber_Plant,,5,,2026-06-07,Batch_Kroll_Willow_Run,Batch_Kroll_Willow_Run,pre_cleared,7,8,8,,
CIC-WR-153,IMG_1930.PNG,Photograph,1-Willow_Run_Bomber_Plant,,5,,2026-06-07,Batch_Kroll_Willow_Run,Batch_Kroll_Willow_Run,pre_cleared,7,8,8,,
CIC-WR-154,IMG_1931.PNG,Photograph,1-Willow_Run_Bomber_Plant,,5,,2026-06-07,Batch_Kroll_Willow_Run,Batch_Kroll_Willow_Run,pre_cleared,7,8,8,,
CIC-WR-155,IMG_1932.PNG,Photograph,1-Willow_Run_Bomber_Plant,,5,,2026-06-07,Batch_Kroll_Willow_Run,Batch_Kroll_Willow_Run,pre_cleared,7,8,8,,
CIC-WR-156,IMG_1933.PNG,Photograph,1-Willow_Run_Bomber_Plant,,5,,2026-06-07,Batch_Kroll_Willow_Run,Batch_Kroll_Willow_Run,pre_cleared,7,8,8,,
CIC-WR-157,IMG_1944.HEIC,Photograph,1-Willow_Run_Bomber_Plant,,5,,2026-06-07,Batch_Kroll_Willow_Run,Batch_Kroll_Willow_Run,pre_cleared,7,8,8,,
CIC-WR-158,IMG_1950.PNG,Photograph,1-Willow_Run_Bomber_Plant,,5,,2026-06-07,Batch_Kroll_Willow_Run,Batch_Kroll_Willow_Run,pre_cleared,7,8,8,,
CIC-WR-159,IMG_1951.PNG,Photograph,1-Willow_Run_Bomber_Plant,,5,,2026-06-07,Batch_Kroll_Willow_Run,Batch_Kroll_Willow_Run,pre_cleared,7,8,8,,
CIC-WR-160,IMG_2784.jpg,Photograph,1-Willow_Run_Bomber_Plant,,5,,2026-06-07,Batch_Kroll_Willow_Run,Batch_Kroll_Willow_Run,pre_cleared,7,8,8,,
CIC-WR-161,IMG_2785.PNG,Photograph,1-Willow_Run_Bomber_Plant,,5,,2026-06-07,Batch_Kroll_Willow_Run,Batch_Kroll_Willow_Run,pre_cleared,7,8,8,,
CIC-WR-162,IMG_2786.PNG,Photograph,1-Willow_Run_Bomber_Plant,,5,,2026-06-07,Batch_Kroll_Willow_Run,Batch_Kroll_Willow_Run,pre_cleared,7,8,8,,
CIC-WR-163,IMG_2787.PNG,Photograph,1-Willow_Run_Bomber_Plant,,5,,2026-06-07,Batch_Kroll_Willow_Run,Batch_Kroll_Willow_Run,pre_cleared,7,8,8,,
CIC-WR-164,IMG_2814.PNG,Photograph,1-Willow_Run_Bomber_Plant,,5,,2026-06-07,Batch_Kroll_Willow_Run,Batch_Kroll_Willow_Run,pre_cleared,7,8,8,,
CIC-WR-165,IMG_2823.PNG,Photograph,1-Willow_Run_Bomber_Plant,,5,,2026-06-07,Batch_Kroll_Willow_Run,Batch_Kroll_Willow_Run,pre_cleared,7,8,8,,
CIC-WR-166,IMG_2824.PNG,Photograph,1-Willow_Run_Bomber_Plant,,5,,2026-06-07,Batch_Kroll_Willow_Run,Batch_Kroll_Willow_Run,pre_cleared,7,8,8,,
CIC-WR-167,IMG_2825.PNG,Photograph,1-Willow_Run_Bomber_Plant,,5,,2026-06-07,Batch_Kroll_Willow_Run,Batch_Kroll_Willow_Run,pre_cleared,7,8,8,,
CIC-WR-168,IMG_2826.PNG,Photograph,1-Willow_Run_Bomber_Plant,,5,,2026-06-07,Batch_Kroll_Willow_Run,Batch_Kroll_Willow_Run,pre_cleared,7,8,8,,
CIC-WR-169,IMG_2835.PNG,Photograph,1-Willow_Run_Bomber_Plant,,5,,2026-06-07,Batch_Kroll_Willow_Run,Batch_Kroll_Willow_Run,pre_cleared,7,8,8,,
CIC-WR-170,IMG_2895.jpg,Photograph,1-Willow_Run_Bomber_Plant,,5,,2026-06-07,Batch_Kroll_Willow_Run,Batch_Kroll_Willow_Run,pre_cleared,7,8,8,,
CIC-WR-171,IMG_2896.PNG,Photograph,1-Willow_Run_Bomber_Plant,,5,,2026-06-07,Batch_Kroll_Willow_Run,Batch_Kroll_Willow_Run,pre_cleared,7,8,8,,
CIC-WR-172,IMG_2902.PNG,Photograph,1-Willow_Run_Bomber_Plant,,5,,2026-06-07,Batch_Kroll_Willow_Run,Batch_Kroll_Willow_Run,pre_cleared,7,8,8,,
CIC-WR-173,IMG_2903.PNG,Photograph,1-Willow_Run_Bomber_Plant,,5,,2026-06-07,Batch_Kroll_Willow_Run,Batch_Kroll_Willow_Run,pre_cleared,7,8,8,,
CIC-WR-174,IMG_2904.PNG,Photograph,1-Willow_Run_Bomber_Plant,,5,,2026-06-07,Batch_Kroll_Willow_Run,Batch_Kroll_Willow_Run,pre_cleared,7,8,8,,
CIC-WR-175,IMG_2905.PNG,Photograph,1-Willow_Run_Bomber_Plant,,5,,2026-06-07,Batch_Kroll_Willow_Run,Batch_Kroll_Willow_Run,pre_cleared,7,8,8,,
CIC-WR-176,IMG_2906.PNG,Photograph,1-Willow_Run_Bomber_Plant,,5,,2026-06-07,Batch_Kroll_Willow_Run,Batch_Kroll_Willow_Run,pre_cleared,7,8,8,,
CIC-WR-177,IMG_2907.PNG,Photograph,1-Willow_Run_Bomber_Plant,,5,,2026-06-07,Batch_Kroll_Willow_Run,Batch_Kroll_Willow_Run,pre_cleared,7,8,8,,
CIC-WR-178,IMG_2908.PNG,Photograph,1-Willow_Run_Bomber_Plant,,5,,2026-06-07,Batch_Kroll_Willow_Run,Batch_Kroll_Willow_Run,pre_cleared,7,8,8,,
CIC-WR-179,IMG_2909.PNG,Photograph,1-Willow_Run_Bomber_Plant,,5,,2026-06-07,Batch_Kroll_Willow_Run,Batch_Kroll_Willow_Run,pre_cleared,7,8,8,,
CIC-WR-180,IMG_2910.PNG,Photograph,1-Willow_Run_Bomber_Plant,,5,,2026-06-07,Batch_Kroll_Willow_Run,Batch_Kroll_Willow_Run,pre_cleared,7,8,8,,
CIC-WR-181,IMG_2912.PNG,Photograph,1-Willow_Run_Bomber_Plant,,5,,2026-06-07,Batch_Kroll_Willow_Run,Batch_Kroll_Willow_Run,pre_cleared,7,8,8,,
CIC-WR-182,IMG_2918.PNG,Photograph,1-Willow_Run_Bomber_Plant,,5,,2026-06-07,Batch_Kroll_Willow_Run,Batch_Kroll_Willow_Run,pre_cleared,7,8,8,,
CIC-WR-183,IMG_2919.PNG,Photograph,1-Willow_Run_Bomber_Plant,,5,,2026-06-07,Batch_Kroll_Willow_Run,Batch_Kroll_Willow_Run,pre_cleared,7,8,8,,
CIC-WR-184,IMG_2920.PNG,Photograph,1-Willow_Run_Bomber_Plant,,5,,2026-06-07,Batch_Kroll_Willow_Run,Batch_Kroll_Willow_Run,pre_cleared,7,8,8,,
CIC-WR-185,IMG_2921.PNG,Photograph,1-Willow_Run_Bomber_Plant,,5,,2026-06-07,Batch_Kroll_Willow_Run,Batch_Kroll_Willow_Run,pre_cleared,7,8,8,,
CIC-WR-186,IMG_2922.PNG,Photograph,1-Willow_Run_Bomber_Plant,,5,,2026-06-07,Batch_Kroll_Willow_Run,Batch_Kroll_Willow_Run,pre_cleared,7,8,8,,
CIC-WR-187,IMG_2923.PNG,Photograph,1-Willow_Run_Bomber_Plant,,5,,2026-06-07,Batch_Kroll_Willow_Run,Batch_Kroll_Willow_Run,pre_cleared,7,8,8,,
CIC-WR-188,IMG_2924.PNG,Photograph,1-Willow_Run_Bomber_Plant,,5,,2026-06-07,Batch_Kroll_Willow_Run,Batch_Kroll_Willow_Run,pre_cleared,7,8,8,,
CIC-WR-189,IMG_2925.PNG,Photograph,1-Willow_Run_Bomber_Plant,,5,,2026-06-07,Batch_Kroll_Willow_Run,Batch_Kroll_Willow_Run,pre_cleared,7,8,8,,
CIC-WR-190,IMG_3040.HEIC,Photograph,1-Willow_Run_Bomber_Plant,,5,,2026-06-07,Batch_Kroll_Willow_Run,Batch_Kroll_Willow_Run,pre_cleared,7,8,8,,
CIC-WR-191,IMG_3041.HEIC,Photograph,1-Willow_Run_Bomber_Plant,,5,,2026-06-07,Batch_Kroll_Willow_Run,Batch_Kroll_Willow_Run,pre_cleared,7,8,8,,
CIC-WR-192,IMG_3042.HEIC,Photograph,1-Willow_Run_Bomber_Plant,,5,,2026-06-07,Batch_Kroll_Willow_Run,Batch_Kroll_Willow_Run,pre_cleared,7,8,8,,
CIC-WR-193,IMG_3045.PNG,Photograph,1-Willow_Run_Bomber_Plant,,5,,2026-06-07,Batch_Kroll_Willow_Run,Batch_Kroll_Willow_Run,pre_cleared,7,8,8,,
CIC-WR-194,IMG_3047.PNG,Photograph,1-Willow_Run_Bomber_Plant,,5,,2026-06-07,Batch_Kroll_Willow_Run,Batch_Kroll_Willow_Run,pre_cleared,7,8,8,,
CIC-WR-195,IMG_3062.HEIC,Photograph,1-Willow_Run_Bomber_Plant,,5,,2026-06-07,Batch_Kroll_Willow_Run,Batch_Kroll_Willow_Run,pre_cleared,7,8,8,,
CIC-WR-196,IMG_3063.HEIC,Photograph,1-Willow_Run_Bomber_Plant,,5,,2026-06-07,Batch_Kroll_Willow_Run,Batch_Kroll_Willow_Run,pre_cleared,7,8,8,,
CIC-WR-197,IMG_3064 (1).HEIC,Photograph,1-Willow_Run_Bomber_Plant,,5,,2026-06-07,Batch_Kroll_Willow_Run,Batch_Kroll_Willow_Run,pre_cleared,7,8,8,,
CIC-WR-198,IMG_3064.heic,Photograph,1-Willow_Run_Bomber_Plant,,5,,2026-06-07,Batch_Kroll_Willow_Run,Batch_Kroll_Willow_Run,pre_cleared,7,8,8,,
CIC-WR-199,IMG_3066.PNG,Photograph,1-Willow_Run_Bomber_Plant,,5,,2026-06-07,Batch_Kroll_Willow_Run,Batch_Kroll_Willow_Run,pre_cleared,7,8,8,,
CIC-WR-200,IMG_3067.PNG,Photograph,1-Willow_Run_Bomber_Plant,,5,,2026-06-07,Batch_Kroll_Willow_Run,Batch_Kroll_Willow_Run,pre_cleared,7,8,8,,
CIC-WR-201,IMG_3079.jpg,Photograph,1-Willow_Run_Bomber_Plant,,5,,2026-06-07,Batch_Kroll_Willow_Run,Batch_Kroll_Willow_Run,pre_cleared,7,8,8,,
CIC-WR-202,IMG_3083.HEIC,Photograph,1-Willow_Run_Bomber_Plant,,5,,2026-06-07,Batch_Kroll_Willow_Run,Batch_Kroll_Willow_Run,pre_cleared,7,8,8,,
CIC-WR-203,IMG_3084.HEIC,Photograph,1-Willow_Run_Bomber_Plant,,5,,2026-06-07,Batch_Kroll_Willow_Run,Batch_Kroll_Willow_Run,pre_cleared,7,8,8,,
CIC-WR-204,IMG_3086.HEIC,Photograph,1-Willow_Run_Bomber_Plant,,5,,2026-06-07,Batch_Kroll_Willow_Run,Batch_Kroll_Willow_Run,pre_cleared,7,8,8,,
CIC-WR-205,IMG_3090.HEIC,Photograph,1-Willow_Run_Bomber_Plant,,5,,2026-06-07,Batch_Kroll_Willow_Run,Batch_Kroll_Willow_Run,pre_cleared,7,8,8,,
CIC-WR-206,IMG_3092.HEIC,Photograph,1-Willow_Run_Bomber_Plant,,5,,2026-06-07,Batch_Kroll_Willow_Run,Batch_Kroll_Willow_Run,pre_cleared,7,8,8,,
CIC-WR-207,IMG_3093.HEIC,Photograph,1-Willow_Run_Bomber_Plant,,5,,2026-06-07,Batch_Kroll_Willow_Run,Batch_Kroll_Willow_Run,pre_cleared,7,8,8,,
CIC-WR-208,IMG_3094.HEIC,Photograph,1-Willow_Run_Bomber_Plant,,5,,2026-06-07,Batch_Kroll_Willow_Run,Batch_Kroll_Willow_Run,pre_cleared,7,8,8,,
CIC-WR-209,IMG_3095.HEIC,Photograph,1-Willow_Run_Bomber_Plant,,5,,2026-06-07,Batch_Kroll_Willow_Run,Batch_Kroll_Willow_Run,pre_cleared,7,8,8,,
CIC-WR-210,IMG_3096.HEIC,Photograph,1-Willow_Run_Bomber_Plant,,5,,2026-06-07,Batch_Kroll_Willow_Run,Batch_Kroll_Willow_Run,pre_cleared,7,8,8,,
CIC-WR-211,IMG_3100.PNG,Photograph,1-Willow_Run_Bomber_Plant,,5,,2026-06-07,Batch_Kroll_Willow_Run,Batch_Kroll_Willow_Run,pre_cleared,7,8,8,,
CIC-WR-212,IMG_3182.PNG,Photograph,1-Willow_Run_Bomber_Plant,,5,,2026-06-07,Batch_Kroll_Willow_Run,Batch_Kroll_Willow_Run,pre_cleared,7,8,8,,
CIC-WR-213,IMG_3359.PNG,Photograph,1-Willow_Run_Bomber_Plant,,5,,2026-06-07,Batch_Kroll_Willow_Run,Batch_Kroll_Willow_Run,pre_cleared,7,8,8,,
CIC-WR-214,IMG_3382.heic,Photograph,1-Willow_Run_Bomber_Plant,,5,,2026-06-07,Batch_Kroll_Willow_Run,Batch_Kroll_Willow_Run,pre_cleared,7,8,8,,
CIC-WR-215,IMG_3396.HEIC,Photograph,1-Willow_Run_Bomber_Plant,,5,,2026-06-07,Batch_Kroll_Willow_Run,Batch_Kroll_Willow_Run,pre_cleared,7,8,8,,
CIC-WR-216,IMG_3435.PNG,Photograph,1-Willow_Run_Bomber_Plant,,5,,2026-06-07,Batch_Kroll_Willow_Run,Batch_Kroll_Willow_Run,pre_cleared,7,8,8,,
CIC-WR-217,IMG_3505.jpg,Photograph,1-Willow_Run_Bomber_Plant,,5,,2026-06-07,Batch_Kroll_Willow_Run,Batch_Kroll_Willow_Run,pre_cleared,7,8,8,,
CIC-WR-218,IMG_3555.HEIC,Photograph,1-Willow_Run_Bomber_Plant,,5,,2026-06-07,Batch_Kroll_Willow_Run,Batch_Kroll_Willow_Run,pre_cleared,7,8,8,,
CIC-WR-219,IMG_3563.jpg,Photograph,1-Willow_Run_Bomber_Plant,,5,,2026-06-07,Batch_Kroll_Willow_Run,Batch_Kroll_Willow_Run,pre_cleared,7,8,8,,
CIC-WR-220,IMG_3565.jpg,Photograph,1-Willow_Run_Bomber_Plant,,5,,2026-06-07,Batch_Kroll_Willow_Run,Batch_Kroll_Willow_Run,pre_cleared,7,8,8,,
CIC-WR-221,IMG_3696.HEIC,Photograph,1-Willow_Run_Bomber_Plant,,5,,2026-06-07,Batch_Kroll_Willow_Run,Batch_Kroll_Willow_Run,pre_cleared,7,8,8,,
CIC-WR-222,IMG_3711.heic,Photograph,1-Willow_Run_Bomber_Plant,,5,,2026-06-07,Batch_Kroll_Willow_Run,Batch_Kroll_Willow_Run,pre_cleared,7,8,8,,
CIC-WR-223,IMG_3713.heic,Photograph,1-Willow_Run_Bomber_Plant,,5,,2026-06-07,Batch_Kroll_Willow_Run,Batch_Kroll_Willow_Run,pre_cleared,7,8,8,,
CIC-WR-224,IMG_3717.heic,Photograph,1-Willow_Run_Bomber_Plant,,5,,2026-06-07,Batch_Kroll_Willow_Run,Batch_Kroll_Willow_Run,pre_cleared,7,8,8,,
CIC-WR-225,IMG_3767.jpg,Photograph,1-Willow_Run_Bomber_Plant,,5,,2026-06-07,Batch_Kroll_Willow_Run,Batch_Kroll_Willow_Run,pre_cleared,7,8,8,,
CIC-WR-226,IMG_3786.jpg,Photograph,1-Willow_Run_Bomber_Plant,,5,,2026-06-07,Batch_Kroll_Willow_Run,Batch_Kroll_Willow_Run,pre_cleared,7,8,8,,
CIC-WR-227,IMG_3811.HEIC,Photograph,1-Willow_Run_Bomber_Plant,,5,,2026-06-07,Batch_Kroll_Willow_Run,Batch_Kroll_Willow_Run,pre_cleared,7,8,8,,
CIC-WR-228,IMG_3813.HEIC,Photograph,1-Willow_Run_Bomber_Plant,,5,,2026-06-07,Batch_Kroll_Willow_Run,Batch_Kroll_Willow_Run,pre_cleared,7,8,8,,
CIC-WR-229,IMG_3833.HEIC,Photograph,1-Willow_Run_Bomber_Plant,,5,,2026-06-07,Batch_Kroll_Willow_Run,Batch_Kroll_Willow_Run,pre_cleared,7,8,8,,
CIC-WR-230,IMG_3901.PNG,Photograph,1-Willow_Run_Bomber_Plant,,5,,2026-06-07,Batch_Kroll_Willow_Run,Batch_Kroll_Willow_Run,pre_cleared,7,8,8,,
CIC-WR-231,IMG_4118.PNG,Photograph,1-Willow_Run_Bomber_Plant,,5,,2026-06-07,Batch_Kroll_Willow_Run,Batch_Kroll_Willow_Run,pre_cleared,7,8,8,,
CIC-WR-232,IMG_4200.PNG,Photograph,1-Willow_Run_Bomber_Plant,,5,,2026-06-07,Batch_Kroll_Willow_Run,Batch_Kroll_Willow_Run,pre_cleared,7,8,8,,
CIC-WR-233,IMG_4285.HEIC,Photograph,1-Willow_Run_Bomber_Plant,,5,,2026-06-07,Batch_Kroll_Willow_Run,Batch_Kroll_Willow_Run,pre_cleared,7,8,8,,
CIC-WR-234,IMG_4624.heic,Photograph,1-Willow_Run_Bomber_Plant,,5,,2026-06-07,Batch_Kroll_Willow_Run,Batch_Kroll_Willow_Run,pre_cleared,7,8,8,,
CIC-WR-235,IMG_4626.heic,Photograph,1-Willow_Run_Bomber_Plant,,5,,2026-06-07,Batch_Kroll_Willow_Run,Batch_Kroll_Willow_Run,pre_cleared,7,8,8,,
CIC-WR-236,IMG_4882.PNG,Photograph,1-Willow_Run_Bomber_Plant,,5,,2026-06-07,Batch_Kroll_Willow_Run,Batch_Kroll_Willow_Run,pre_cleared,7,8,8,,
CIC-WR-237,IMG_4884.PNG,Photograph,1-Willow_Run_Bomber_Plant,,5,,2026-06-07,Batch_Kroll_Willow_Run,Batch_Kroll_Willow_Run,pre_cleared,7,8,8,,
CIC-WR-238,IMG_4885.jpg,Photograph,1-Willow_Run_Bomber_Plant,,5,,2026-06-07,Batch_Kroll_Willow_Run,Batch_Kroll_Willow_Run,pre_cleared,7,8,8,,
CIC-WR-239,IMG_4886.PNG,Photograph,1-Willow_Run_Bomber_Plant,,5,,2026-06-07,Batch_Kroll_Willow_Run,Batch_Kroll_Willow_Run,pre_cleared,7,8,8,,
CIC-WR-240,IMG_4887.jpg,Photograph,1-Willow_Run_Bomber_Plant,,5,,2026-06-07,Batch_Kroll_Willow_Run,Batch_Kroll_Willow_Run,pre_cleared,7,8,8,,
CIC-WR-241,IMG_4895.PNG,Photograph,1-Willow_Run_Bomber_Plant,,5,,2026-06-07,Batch_Kroll_Willow_Run,Batch_Kroll_Willow_Run,pre_cleared,7,8,8,,
CIC-WR-242,IMG_4931.PNG,Photograph,1-Willow_Run_Bomber_Plant,,5,,2026-06-07,Batch_Kroll_Willow_Run,Batch_Kroll_Willow_Run,pre_cleared,7,8,8,,
CIC-WR-243,IMG_4935.PNG,Photograph,1-Willow_Run_Bomber_Plant,,5,,2026-06-07,Batch_Kroll_Willow_Run,Batch_Kroll_Willow_Run,pre_cleared,7,8,8,,
CIC-WR-244,IMG_4942.PNG,Photograph,1-Willow_Run_Bomber_Plant,,5,,2026-06-07,Batch_Kroll_Willow_Run,Batch_Kroll_Willow_Run,pre_cleared,7,8,8,,
CIC-WR-245,IMG_5112.PNG,Photograph,1-Willow_Run_Bomber_Plant,,5,,2026-06-07,Batch_Kroll_Willow_Run,Batch_Kroll_Willow_Run,pre_cleared,7,8,8,,
CIC-WR-246,IMG_5117.PNG,Photograph,1-Willow_Run_Bomber_Plant,,5,,2026-06-07,Batch_Kroll_Willow_Run,Batch_Kroll_Willow_Run,pre_cleared,7,8,8,,
CIC-WR-247,IMG_5132.PNG,Photograph,1-Willow_Run_Bomber_Plant,,5,,2026-06-07,Batch_Kroll_Willow_Run,Batch_Kroll_Willow_Run,pre_cleared,7,8,8,,
CIC-WR-248,IMG_5150.PNG,Photograph,1-Willow_Run_Bomber_Plant,,5,,2026-06-07,Batch_Kroll_Willow_Run,Batch_Kroll_Willow_Run,pre_cleared,7,8,8,,
CIC-WR-249,IMG_5163.jpg,Photograph,1-Willow_Run_Bomber_Plant,,5,,2026-06-07,Batch_Kroll_Willow_Run,Batch_Kroll_Willow_Run,pre_cleared,7,8,8,,
CIC-WR-250,IMG_5168.PNG,Photograph,1-Willow_Run_Bomber_Plant,,5,,2026-06-07,Batch_Kroll_Willow_Run,Batch_Kroll_Willow_Run,pre_cleared,7,8,8,,
CIC-WR-251,IMG_5169.PNG,Photograph,1-Willow_Run_Bomber_Plant,,5,,2026-06-07,Batch_Kroll_Willow_Run,Batch_Kroll_Willow_Run,pre_cleared,7,8,8,,
CIC-WR-252,IMG_5174.jpg,Photograph,1-Willow_Run_Bomber_Plant,,5,,2026-06-07,Batch_Kroll_Willow_Run,Batch_Kroll_Willow_Run,pre_cleared,7,8,8,,
CIC-WR-253,IMG_5175.PNG,Photograph,1-Willow_Run_Bomber_Plant,,5,,2026-06-07,Batch_Kroll_Willow_Run,Batch_Kroll_Willow_Run,pre_cleared,7,8,8,,
CIC-WR-254,IMG_5186.jpg,Photograph,1-Willow_Run_Bomber_Plant,,5,,2026-06-07,Batch_Kroll_Willow_Run,Batch_Kroll_Willow_Run,pre_cleared,7,8,8,,
CIC-WR-255,IMG_5197.heic,Photograph,1-Willow_Run_Bomber_Plant,,5,,2026-06-07,Batch_Kroll_Willow_Run,Batch_Kroll_Willow_Run,pre_cleared,7,8,8,,
CIC-WR-256,IMG_5197.jpg,Photograph,1-Willow_Run_Bomber_Plant,,5,,2026-06-07,Batch_Kroll_Willow_Run,Batch_Kroll_Willow_Run,pre_cleared,7,8,8,,
CIC-WR-257,IMG_5198.jpg,Photograph,1-Willow_Run_Bomber_Plant,,5,,2026-06-07,Batch_Kroll_Willow_Run,Batch_Kroll_Willow_Run,pre_cleared,7,8,8,,
CIC-WR-258,IMG_5204.heic,Photograph,1-Willow_Run_Bomber_Plant,,5,,2026-06-07,Batch_Kroll_Willow_Run,Batch_Kroll_Willow_Run,pre_cleared,7,8,8,,
CIC-WR-259,IMG_5205.heic,Photograph,1-Willow_Run_Bomber_Plant,,5,,2026-06-07,Batch_Kroll_Willow_Run,Batch_Kroll_Willow_Run,pre_cleared,7,8,8,,
CIC-WR-260,IMG_5206.heic,Photograph,1-Willow_Run_Bomber_Plant,,5,,2026-06-07,Batch_Kroll_Willow_Run,Batch_Kroll_Willow_Run,pre_cleared,7,8,8,,
CIC-WR-261,IMG_5207.PNG,Photograph,1-Willow_Run_Bomber_Plant,,5,,2026-06-07,Batch_Kroll_Willow_Run,Batch_Kroll_Willow_Run,pre_cleared,7,8,8,,
CIC-WR-262,IMG_5209 (1).PNG,Photograph,1-Willow_Run_Bomber_Plant,,5,,2026-06-07,Batch_Kroll_Willow_Run,Batch_Kroll_Willow_Run,pre_cleared,7,8,8,,
CIC-WR-263,IMG_5209.PNG,Photograph,1-Willow_Run_Bomber_Plant,,5,,2026-06-07,Batch_Kroll_Willow_Run,Batch_Kroll_Willow_Run,pre_cleared,7,8,8,,
CIC-WR-264,IMG_5211.PNG,Photograph,1-Willow_Run_Bomber_Plant,,5,,2026-06-07,Batch_Kroll_Willow_Run,Batch_Kroll_Willow_Run,pre_cleared,7,8,8,,
CIC-WR-265,IMG_5212.jpg,Photograph,1-Willow_Run_Bomber_Plant,,5,,2026-06-07,Batch_Kroll_Willow_Run,Batch_Kroll_Willow_Run,pre_cleared,7,8,8,,
CIC-WR-266,IMG_5213.PNG,Photograph,1-Willow_Run_Bomber_Plant,,5,,2026-06-07,Batch_Kroll_Willow_Run,Batch_Kroll_Willow_Run,pre_cleared,7,8,8,,
CIC-WR-267,IMG_5214.jpg,Photograph,1-Willow_Run_Bomber_Plant,,5,,2026-06-07,Batch_Kroll_Willow_Run,Batch_Kroll_Willow_Run,pre_cleared,7,8,8,,
CIC-WR-268,IMG_5254.PNG,Photograph,1-Willow_Run_Bomber_Plant,,5,,2026-06-07,Batch_Kroll_Willow_Run,Batch_Kroll_Willow_Run,pre_cleared,7,8,8,,
CIC-WR-269,IMG_5257.PNG,Photograph,1-Willow_Run_Bomber_Plant,,5,,2026-06-07,Batch_Kroll_Willow_Run,Batch_Kroll_Willow_Run,pre_cleared,7,8,8,,
CIC-WR-270,IMG_5271.PNG,Photograph,1-Willow_Run_Bomber_Plant,,5,,2026-06-07,Batch_Kroll_Willow_Run,Batch_Kroll_Willow_Run,pre_cleared,7,8,8,,
CIC-WR-271,IMG_5276.jpg,Photograph,1-Willow_Run_Bomber_Plant,,5,,2026-06-07,Batch_Kroll_Willow_Run,Batch_Kroll_Willow_Run,pre_cleared,7,8,8,,
CIC-WR-272,IMG_5277.PNG,Photograph,1-Willow_Run_Bomber_Plant,,5,,2026-06-07,Batch_Kroll_Willow_Run,Batch_Kroll_Willow_Run,pre_cleared,7,8,8,,
CIC-WR-273,IMG_5281.PNG,Photograph,1-Willow_Run_Bomber_Plant,,5,,2026-06-07,Batch_Kroll_Willow_Run,Batch_Kroll_Willow_Run,pre_cleared,7,8,8,,
CIC-WR-274,IMG_5282.PNG,Photograph,1-Willow_Run_Bomber_Plant,,5,,2026-06-07,Batch_Kroll_Willow_Run,Batch_Kroll_Willow_Run,pre_cleared,7,8,8,,
CIC-WR-275,IMG_5283.jpg,Photograph,1-Willow_Run_Bomber_Plant,,5,,2026-06-07,Batch_Kroll_Willow_Run,Batch_Kroll_Willow_Run,pre_cleared,7,8,8,,
CIC-WR-276,IMG_5283.PNG,Photograph,1-Willow_Run_Bomber_Plant,,5,,2026-06-07,Batch_Kroll_Willow_Run,Batch_Kroll_Willow_Run,pre_cleared,7,8,8,,
CIC-WR-277,IMG_5284.PNG,Photograph,1-Willow_Run_Bomber_Plant,,5,,2026-06-07,Batch_Kroll_Willow_Run,Batch_Kroll_Willow_Run,pre_cleared,7,8,8,,
CIC-WR-278,IMG_5285.PNG,Photograph,1-Willow_Run_Bomber_Plant,,5,,2026-06-07,Batch_Kroll_Willow_Run,Batch_Kroll_Willow_Run,pre_cleared,7,8,8,,
CIC-WR-279,IMG_5286.PNG,Photograph,1-Willow_Run_Bomber_Plant,,5,,2026-06-07,Batch_Kroll_Willow_Run,Batch_Kroll_Willow_Run,pre_cleared,7,8,8,,
CIC-WR-280,IMG_5287.PNG,Photograph,1-Willow_Run_Bomber_Plant,,5,,2026-06-07,Batch_Kroll_Willow_Run,Batch_Kroll_Willow_Run,pre_cleared,7,8,8,,
CIC-WR-281,IMG_5288.PNG,Photograph,1-Willow_Run_Bomber_Plant,,5,,2026-06-07,Batch_Kroll_Willow_Run,Batch_Kroll_Willow_Run,pre_cleared,7,8,8,,
CIC-WR-282,IMG_5311.PNG,Photograph,1-Willow_Run_Bomber_Plant,,5,,2026-06-07,Batch_Kroll_Willow_Run,Batch_Kroll_Willow_Run,pre_cleared,7,8,8,,
CIC-WR-283,IMG_5327.PNG,Photograph,1-Willow_Run_Bomber_Plant,,5,,2026-06-07,Batch_Kroll_Willow_Run,Batch_Kroll_Willow_Run,pre_cleared,7,8,8,,
CIC-WR-284,IMG_5328.PNG,Photograph,1-Willow_Run_Bomber_Plant,,5,,2026-06-07,Batch_Kroll_Willow_Run,Batch_Kroll_Willow_Run,pre_cleared,7,8,8,,
CIC-WR-285,IMG_5329.PNG,Photograph,1-Willow_Run_Bomber_Plant,,5,,2026-06-07,Batch_Kroll_Willow_Run,Batch_Kroll_Willow_Run,pre_cleared,7,8,8,,
CIC-WR-286,IMG_5330.PNG,Photograph,1-Willow_Run_Bomber_Plant,,5,,2026-06-07,Batch_Kroll_Willow_Run,Batch_Kroll_Willow_Run,pre_cleared,7,8,8,,
CIC-WR-287,IMG_5331.PNG,Photograph,1-Willow_Run_Bomber_Plant,,5,,2026-06-07,Batch_Kroll_Willow_Run,Batch_Kroll_Willow_Run,pre_cleared,7,8,8,,
CIC-WR-288,IMG_5332.PNG,Photograph,1-Willow_Run_Bomber_Plant,,5,,2026-06-07,Batch_Kroll_Willow_Run,Batch_Kroll_Willow_Run,pre_cleared,7,8,8,,
CIC-WR-289,IMG_5333.PNG,Photograph,1-Willow_Run_Bomber_Plant,,5,,2026-06-07,Batch_Kroll_Willow_Run,Batch_Kroll_Willow_Run,pre_cleared,7,8,8,,
CIC-WR-290,IMG_5365.PNG,Photograph,1-Willow_Run_Bomber_Plant,,5,,2026-06-07,Batch_Kroll_Willow_Run,Batch_Kroll_Willow_Run,pre_cleared,7,8,8,,
CIC-WR-291,IMG_5431.heic,Photograph,1-Willow_Run_Bomber_Plant,,5,,2026-06-07,Batch_Kroll_Willow_Run,Batch_Kroll_Willow_Run,pre_cleared,7,8,8,,
CIC-WR-292,IMG_5453.heic,Photograph,1-Willow_Run_Bomber_Plant,,5,,2026-06-07,Batch_Kroll_Willow_Run,Batch_Kroll_Willow_Run,pre_cleared,7,8,8,,
CIC-WR-293,IMG_5454.heic,Photograph,1-Willow_Run_Bomber_Plant,,5,,2026-06-07,Batch_Kroll_Willow_Run,Batch_Kroll_Willow_Run,pre_cleared,7,8,8,,
CIC-WR-294,IMG_5459.heic,Photograph,1-Willow_Run_Bomber_Plant,,5,,2026-06-07,Batch_Kroll_Willow_Run,Batch_Kroll_Willow_Run,pre_cleared,7,8,8,,
CIC-WR-295,IMG_5467.heic,Photograph,1-Willow_Run_Bomber_Plant,,5,,2026-06-07,Batch_Kroll_Willow_Run,Batch_Kroll_Willow_Run,pre_cleared,7,8,8,,
CIC-WR-296,IMG_5476.jpg,Photograph,1-Willow_Run_Bomber_Plant,,5,,2026-06-07,Batch_Kroll_Willow_Run,Batch_Kroll_Willow_Run,pre_cleared,7,8,8,,
CIC-WR-297,IMG_5482.heic,Photograph,1-Willow_Run_Bomber_Plant,,5,,2026-06-07,Batch_Kroll_Willow_Run,Batch_Kroll_Willow_Run,pre_cleared,7,8,8,,
CIC-WR-298,IMG_5483.heic,Photograph,1-Willow_Run_Bomber_Plant,,5,,2026-06-07,Batch_Kroll_Willow_Run,Batch_Kroll_Willow_Run,pre_cleared,7,8,8,,
CIC-WR-299,IMG_5484.heic,Photograph,1-Willow_Run_Bomber_Plant,,5,,2026-06-07,Batch_Kroll_Willow_Run,Batch_Kroll_Willow_Run,pre_cleared,7,8,8,,
CIC-WR-300,IMG_5485.heic,Photograph,1-Willow_Run_Bomber_Plant,,5,,2026-06-07,Batch_Kroll_Willow_Run,Batch_Kroll_Willow_Run,pre_cleared,7,8,8,,
CIC-WR-301,IMG_5486.heic,Photograph,1-Willow_Run_Bomber_Plant,,5,,2026-06-07,Batch_Kroll_Willow_Run,Batch_Kroll_Willow_Run,pre_cleared,7,8,8,,
CIC-WR-302,IMG_5487.heic,Photograph,1-Willow_Run_Bomber_Plant,,5,,2026-06-07,Batch_Kroll_Willow_Run,Batch_Kroll_Willow_Run,pre_cleared,7,8,8,,
CIC-WR-303,IMG_5488.heic,Photograph,1-Willow_Run_Bomber_Plant,,5,,2026-06-07,Batch_Kroll_Willow_Run,Batch_Kroll_Willow_Run,pre_cleared,7,8,8,,
CIC-WR-304,IMG_5490.heic,Photograph,1-Willow_Run_Bomber_Plant,,5,,2026-06-07,Batch_Kroll_Willow_Run,Batch_Kroll_Willow_Run,pre_cleared,7,8,8,,
CIC-WR-305,IMG_5492.heic,Photograph,1-Willow_Run_Bomber_Plant,,5,,2026-06-07,Batch_Kroll_Willow_Run,Batch_Kroll_Willow_Run,pre_cleared,7,8,8,,
CIC-WR-306,IMG_5493.heic,Photograph,1-Willow_Run_Bomber_Plant,,5,,2026-06-07,Batch_Kroll_Willow_Run,Batch_Kroll_Willow_Run,pre_cleared,7,8,8,,
CIC-WR-307,IMG_5494.heic,Photograph,1-Willow_Run_Bomber_Plant,,5,,2026-06-07,Batch_Kroll_Willow_Run,Batch_Kroll_Willow_Run,pre_cleared,7,8,8,,
CIC-WR-308,IMG_5535.PNG,Photograph,1-Willow_Run_Bomber_Plant,,5,,2026-06-07,Batch_Kroll_Willow_Run,Batch_Kroll_Willow_Run,pre_cleared,7,8,8,,
CIC-WR-309,IMG_5536.PNG,Photograph,1-Willow_Run_Bomber_Plant,,5,,2026-06-07,Batch_Kroll_Willow_Run,Batch_Kroll_Willow_Run,pre_cleared,7,8,8,,
CIC-WR-310,IMG_5537.PNG,Photograph,1-Willow_Run_Bomber_Plant,,5,,2026-06-07,Batch_Kroll_Willow_Run,Batch_Kroll_Willow_Run,pre_cleared,7,8,8,,
CIC-WR-311,IMG_5538.PNG,Photograph,1-Willow_Run_Bomber_Plant,,5,,2026-06-07,Batch_Kroll_Willow_Run,Batch_Kroll_Willow_Run,pre_cleared,7,8,8,,
CIC-WR-312,IMG_5539.PNG,Photograph,1-Willow_Run_Bomber_Plant,,5,,2026-06-07,Batch_Kroll_Willow_Run,Batch_Kroll_Willow_Run,pre_cleared,7,8,8,,
CIC-WR-313,IMG_5540.PNG,Photograph,1-Willow_Run_Bomber_Plant,,5,,2026-06-07,Batch_Kroll_Willow_Run,Batch_Kroll_Willow_Run,pre_cleared,7,8,8,,
CIC-WR-314,IMG_5541.PNG,Photograph,1-Willow_Run_Bomber_Plant,,5,,2026-06-07,Batch_Kroll_Willow_Run,Batch_Kroll_Willow_Run,pre_cleared,7,8,8,,
CIC-WR-315,IMG_5542.PNG,Photograph,1-Willow_Run_Bomber_Plant,,5,,2026-06-07,Batch_Kroll_Willow_Run,Batch_Kroll_Willow_Run,pre_cleared,7,8,8,,
CIC-WR-316,IMG_5543.PNG,Photograph,1-Willow_Run_Bomber_Plant,,5,,2026-06-07,Batch_Kroll_Willow_Run,Batch_Kroll_Willow_Run,pre_cleared,7,8,8,,
CIC-WR-317,IMG_5544.PNG,Photograph,1-Willow_Run_Bomber_Plant,,5,,2026-06-07,Batch_Kroll_Willow_Run,Batch_Kroll_Willow_Run,pre_cleared,7,8,8,,
CIC-WR-318,IMG_5545.PNG,Photograph,1-Willow_Run_Bomber_Plant,,5,,2026-06-07,Batch_Kroll_Willow_Run,Batch_Kroll_Willow_Run,pre_cleared,7,8,8,,
CIC-WR-319,IMG_5546.PNG,Photograph,1-Willow_Run_Bomber_Plant,,5,,2026-06-07,Batch_Kroll_Willow_Run,Batch_Kroll_Willow_Run,pre_cleared,7,8,8,,
CIC-WR-320,IMG_5547.PNG,Photograph,1-Willow_Run_Bomber_Plant,,5,,2026-06-07,Batch_Kroll_Willow_Run,Batch_Kroll_Willow_Run,pre_cleared,7,8,8,,
CIC-WR-321,IMG_5548.PNG,Photograph,1-Willow_Run_Bomber_Plant,,5,,2026-06-07,Batch_Kroll_Willow_Run,Batch_Kroll_Willow_Run,pre_cleared,7,8,8,,
CIC-WR-322,IMG_5549.PNG,Photograph,1-Willow_Run_Bomber_Plant,,5,,2026-06-07,Batch_Kroll_Willow_Run,Batch_Kroll_Willow_Run,pre_cleared,7,8,8,,
CIC-WR-323,IMG_5550.PNG,Photograph,1-Willow_Run_Bomber_Plant,,5,,2026-06-07,Batch_Kroll_Willow_Run,Batch_Kroll_Willow_Run,pre_cleared,7,8,8,,
CIC-WR-324,IMG_5551.PNG,Photograph,1-Willow_Run_Bomber_Plant,,5,,2026-06-07,Batch_Kroll_Willow_Run,Batch_Kroll_Willow_Run,pre_cleared,7,8,8,,
CIC-WR-325,IMG_5552.PNG,Photograph,1-Willow_Run_Bomber_Plant,,5,,2026-06-07,Batch_Kroll_Willow_Run,Batch_Kroll_Willow_Run,pre_cleared,7,8,8,,
CIC-WR-326,IMG_5553.PNG,Photograph,1-Willow_Run_Bomber_Plant,,5,,2026-06-07,Batch_Kroll_Willow_Run,Batch_Kroll_Willow_Run,pre_cleared,7,8,8,,
CIC-WR-327,IMG_5554.PNG,Photograph,1-Willow_Run_Bomber_Plant,,5,,2026-06-07,Batch_Kroll_Willow_Run,Batch_Kroll_Willow_Run,pre_cleared,7,8,8,,
CIC-WR-328,IMG_5555.PNG,Photograph,1-Willow_Run_Bomber_Plant,,5,,2026-06-07,Batch_Kroll_Willow_Run,Batch_Kroll_Willow_Run,pre_cleared,7,8,8,,
CIC-WR-329,IMG_5556.PNG,Photograph,1-Willow_Run_Bomber_Plant,,5,,2026-06-07,Batch_Kroll_Willow_Run,Batch_Kroll_Willow_Run,pre_cleared,7,8,8,,
CIC-WR-330,IMG_5557.PNG,Photograph,1-Willow_Run_Bomber_Plant,,5,,2026-06-07,Batch_Kroll_Willow_Run,Batch_Kroll_Willow_Run,pre_cleared,7,8,8,,
CIC-WR-331,IMG_5558.jpg,Photograph,1-Willow_Run_Bomber_Plant,,5,,2026-06-07,Batch_Kroll_Willow_Run,Batch_Kroll_Willow_Run,pre_cleared,7,8,8,,
CIC-WR-332,IMG_5559.jpg,Photograph,1-Willow_Run_Bomber_Plant,,5,,2026-06-07,Batch_Kroll_Willow_Run,Batch_Kroll_Willow_Run,pre_cleared,7,8,8,,
CIC-WR-333,IMG_5560.PNG,Photograph,1-Willow_Run_Bomber_Plant,,5,,2026-06-07,Batch_Kroll_Willow_Run,Batch_Kroll_Willow_Run,pre_cleared,7,8,8,,
CIC-WR-334,IMG_5561.jpg,Photograph,1-Willow_Run_Bomber_Plant,,5,,2026-06-07,Batch_Kroll_Willow_Run,Batch_Kroll_Willow_Run,pre_cleared,7,8,8,,
CIC-WR-335,IMG_5562.jpg,Photograph,1-Willow_Run_Bomber_Plant,,5,,2026-06-07,Batch_Kroll_Willow_Run,Batch_Kroll_Willow_Run,pre_cleared,7,8,8,,
CIC-WR-336,IMG_5563.PNG,Photograph,1-Willow_Run_Bomber_Plant,,5,,2026-06-07,Batch_Kroll_Willow_Run,Batch_Kroll_Willow_Run,pre_cleared,7,8,8,,
CIC-WR-337,IMG_5564.PNG,Photograph,1-Willow_Run_Bomber_Plant,,5,,2026-06-07,Batch_Kroll_Willow_Run,Batch_Kroll_Willow_Run,pre_cleared,7,8,8,,
CIC-WR-338,IMG_5565.PNG,Photograph,1-Willow_Run_Bomber_Plant,,5,,2026-06-07,Batch_Kroll_Willow_Run,Batch_Kroll_Willow_Run,pre_cleared,7,8,8,,
CIC-WR-339,IMG_5566.jpg,Photograph,1-Willow_Run_Bomber_Plant,,5,,2026-06-07,Batch_Kroll_Willow_Run,Batch_Kroll_Willow_Run,pre_cleared,7,8,8,,
CIC-WR-340,IMG_5567.PNG,Photograph,1-Willow_Run_Bomber_Plant,,5,,2026-06-07,Batch_Kroll_Willow_Run,Batch_Kroll_Willow_Run,pre_cleared,7,8,8,,
CIC-WR-341,IMG_5568.jpg,Photograph,1-Willow_Run_Bomber_Plant,,5,,2026-06-07,Batch_Kroll_Willow_Run,Batch_Kroll_Willow_Run,pre_cleared,7,8,8,,
CIC-WR-342,IMG_5569.jpg,Photograph,1-Willow_Run_Bomber_Plant,,5,,2026-06-07,Batch_Kroll_Willow_Run,Batch_Kroll_Willow_Run,pre_cleared,7,8,8,,
CIC-WR-343,IMG_5570.jpg,Photograph,1-Willow_Run_Bomber_Plant,,5,,2026-06-07,Batch_Kroll_Willow_Run,Batch_Kroll_Willow_Run,pre_cleared,7,8,8,,
CIC-WR-344,IMG_5571.jpg,Photograph,1-Willow_Run_Bomber_Plant,,5,,2026-06-07,Batch_Kroll_Willow_Run,Batch_Kroll_Willow_Run,pre_cleared,7,8,8,,
CIC-WR-345,IMG_5572.jpg,Photograph,1-Willow_Run_Bomber_Plant,,5,,2026-06-07,Batch_Kroll_Willow_Run,Batch_Kroll_Willow_Run,pre_cleared,7,8,8,,
CIC-WR-346,IMG_5573.jpg,Photograph,1-Willow_Run_Bomber_Plant,,5,,2026-06-07,Batch_Kroll_Willow_Run,Batch_Kroll_Willow_Run,pre_cleared,7,8,8,,
CIC-WR-347,IMG_5574.jpg,Photograph,1-Willow_Run_Bomber_Plant,,5,,2026-06-07,Batch_Kroll_Willow_Run,Batch_Kroll_Willow_Run,pre_cleared,7,8,8,,
CIC-WR-348,IMG_5575.jpg,Photograph,1-Willow_Run_Bomber_Plant,,5,,2026-06-07,Batch_Kroll_Willow_Run,Batch_Kroll_Willow_Run,pre_cleared,7,8,8,,
CIC-WR-349,IMG_5576.jpg,Photograph,1-Willow_Run_Bomber_Plant,,5,,2026-06-07,Batch_Kroll_Willow_Run,Batch_Kroll_Willow_Run,pre_cleared,7,8,8,,
CIC-WR-350,IMG_5577.jpg,Photograph,1-Willow_Run_Bomber_Plant,,5,,2026-06-07,Batch_Kroll_Willow_Run,Batch_Kroll_Willow_Run,pre_cleared,7,8,8,,
CIC-WR-351,IMG_5592.jpg,Photograph,1-Willow_Run_Bomber_Plant,,5,,2026-06-07,Batch_Kroll_Willow_Run,Batch_Kroll_Willow_Run,pre_cleared,7,8,8,,
CIC-WR-352,IMG_5594.PNG,Photograph,1-Willow_Run_Bomber_Plant,,5,,2026-06-07,Batch_Kroll_Willow_Run,Batch_Kroll_Willow_Run,pre_cleared,7,8,8,,
CIC-WR-353,IMG_5762.PNG,Photograph,1-Willow_Run_Bomber_Plant,,5,,2026-06-07,Batch_Kroll_Willow_Run,Batch_Kroll_Willow_Run,pre_cleared,7,8,8,,
CIC-WR-354,IMG_5763.PNG,Photograph,1-Willow_Run_Bomber_Plant,,5,,2026-06-07,Batch_Kroll_Willow_Run,Batch_Kroll_Willow_Run,pre_cleared,7,8,8,,
CIC-WR-355,IMG_5794.PNG,Photograph,1-Willow_Run_Bomber_Plant,,5,,2026-06-07,Batch_Kroll_Willow_Run,Batch_Kroll_Willow_Run,pre_cleared,7,8,8,,
CIC-WR-356,IMG_5803.PNG,Photograph,1-Willow_Run_Bomber_Plant,,5,,2026-06-07,Batch_Kroll_Willow_Run,Batch_Kroll_Willow_Run,pre_cleared,7,8,8,,
CIC-WR-357,IMG_5804.PNG,Photograph,1-Willow_Run_Bomber_Plant,,5,,2026-06-07,Batch_Kroll_Willow_Run,Batch_Kroll_Willow_Run,pre_cleared,7,8,8,,
CIC-WR-358,IMG_5812.PNG,Photograph,1-Willow_Run_Bomber_Plant,,5,,2026-06-07,Batch_Kroll_Willow_Run,Batch_Kroll_Willow_Run,pre_cleared,7,8,8,,
CIC-WR-359,IMG_5813.PNG,Photograph,1-Willow_Run_Bomber_Plant,,5,,2026-06-07,Batch_Kroll_Willow_Run,Batch_Kroll_Willow_Run,pre_cleared,7,8,8,,
CIC-WR-360,IMG_5831.PNG,Photograph,1-Willow_Run_Bomber_Plant,,5,,2026-06-07,Batch_Kroll_Willow_Run,Batch_Kroll_Willow_Run,pre_cleared,7,8,8,,
CIC-WR-361,IMG_6126.PNG,Photograph,1-Willow_Run_Bomber_Plant,,5,,2026-06-07,Batch_Kroll_Willow_Run,Batch_Kroll_Willow_Run,pre_cleared,7,8,8,,
CIC-WR-362,IMG_6264.jpg,Photograph,1-Willow_Run_Bomber_Plant,,5,,2026-06-07,Batch_Kroll_Willow_Run,Batch_Kroll_Willow_Run,pre_cleared,7,8,8,,
CIC-WR-363,IMG_6298.PNG,Photograph,1-Willow_Run_Bomber_Plant,,5,,2026-06-07,Batch_Kroll_Willow_Run,Batch_Kroll_Willow_Run,pre_cleared,7,8,8,,
CIC-WR-364,IMG_6330.PNG,Photograph,1-Willow_Run_Bomber_Plant,,5,,2026-06-07,Batch_Kroll_Willow_Run,Batch_Kroll_Willow_Run,pre_cleared,7,8,8,,
CIC-WR-365,IMG_6359.jpg,Photograph,1-Willow_Run_Bomber_Plant,,5,,2026-06-07,Batch_Kroll_Willow_Run,Batch_Kroll_Willow_Run,pre_cleared,7,8,8,,
CIC-WR-366,IMG_6361.PNG,Photograph,1-Willow_Run_Bomber_Plant,,5,,2026-06-07,Batch_Kroll_Willow_Run,Batch_Kroll_Willow_Run,pre_cleared,7,8,8,,
CIC-WR-367,IMG_6481.PNG,Photograph,1-Willow_Run_Bomber_Plant,,5,,2026-06-07,Batch_Kroll_Willow_Run,Batch_Kroll_Willow_Run,pre_cleared,7,8,8,,
CIC-WR-368,IMG_6552.jpg,Photograph,1-Willow_Run_Bomber_Plant,,5,,2026-06-07,Batch_Kroll_Willow_Run,Batch_Kroll_Willow_Run,pre_cleared,7,8,8,,
CIC-WR-369,IMG_6710.PNG,Photograph,1-Willow_Run_Bomber_Plant,,5,,2026-06-07,Batch_Kroll_Willow_Run,Batch_Kroll_Willow_Run,pre_cleared,7,8,8,,
CIC-WR-370,IMG_6711.jpg,Photograph,1-Willow_Run_Bomber_Plant,,5,,2026-06-07,Batch_Kroll_Willow_Run,Batch_Kroll_Willow_Run,pre_cleared,7,8,8,,
CIC-WR-371,IMG_6784.heic,Photograph,1-Willow_Run_Bomber_Plant,,5,,2026-06-07,Batch_Kroll_Willow_Run,Batch_Kroll_Willow_Run,pre_cleared,7,8,8,,
CIC-WR-372,IMG_6788.HEIC,Photograph,1-Willow_Run_Bomber_Plant,,5,,2026-06-07,Batch_Kroll_Willow_Run,Batch_Kroll_Willow_Run,pre_cleared,7,8,8,,
CIC-WR-373,IMG_6790.heic,Photograph,1-Willow_Run_Bomber_Plant,,5,,2026-06-07,Batch_Kroll_Willow_Run,Batch_Kroll_Willow_Run,pre_cleared,7,8,8,,
CIC-WR-374,IMG_6988.jpg,Photograph,1-Willow_Run_Bomber_Plant,,5,,2026-06-07,Batch_Kroll_Willow_Run,Batch_Kroll_Willow_Run,pre_cleared,7,8,8,,
CIC-WR-375,IMG_7023.heic,Photograph,1-Willow_Run_Bomber_Plant,,5,,2026-06-07,Batch_Kroll_Willow_Run,Batch_Kroll_Willow_Run,pre_cleared,7,8,8,,
CIC-WR-376,IMG_7024.heic,Photograph,1-Willow_Run_Bomber_Plant,,5,,2026-06-07,Batch_Kroll_Willow_Run,Batch_Kroll_Willow_Run,pre_cleared,7,8,8,,
CIC-WR-377,IMG_7029.heic,Photograph,1-Willow_Run_Bomber_Plant,,5,,2026-06-07,Batch_Kroll_Willow_Run,Batch_Kroll_Willow_Run,pre_cleared,7,8,8,,
CIC-WR-378,IMG_7030.heic,Photograph,1-Willow_Run_Bomber_Plant,,5,,2026-06-07,Batch_Kroll_Willow_Run,Batch_Kroll_Willow_Run,pre_cleared,7,8,8,,
CIC-WR-379,IMG_7031.heic,Photograph,1-Willow_Run_Bomber_Plant,,5,,2026-06-07,Batch_Kroll_Willow_Run,Batch_Kroll_Willow_Run,pre_cleared,7,8,8,,
CIC-WR-380,IMG_7032.heic,Photograph,1-Willow_Run_Bomber_Plant,,5,,2026-06-07,Batch_Kroll_Willow_Run,Batch_Kroll_Willow_Run,pre_cleared,7,8,8,,
CIC-WR-381,IMG_7033.heic,Photograph,1-Willow_Run_Bomber_Plant,,5,,2026-06-07,Batch_Kroll_Willow_Run,Batch_Kroll_Willow_Run,pre_cleared,7,8,8,,
CIC-WR-382,IMG_7038.heic,Photograph,1-Willow_Run_Bomber_Plant,,5,,2026-06-07,Batch_Kroll_Willow_Run,Batch_Kroll_Willow_Run,pre_cleared,7,8,8,,
CIC-WR-383,IMG_7040.heic,Photograph,1-Willow_Run_Bomber_Plant,,5,,2026-06-07,Batch_Kroll_Willow_Run,Batch_Kroll_Willow_Run,pre_cleared,7,8,8,,
CIC-WR-384,IMG_7049.heic,Photograph,1-Willow_Run_Bomber_Plant,,5,,2026-06-07,Batch_Kroll_Willow_Run,Batch_Kroll_Willow_Run,pre_cleared,7,8,8,,
CIC-WR-385,IMG_7112.heic,Photograph,1-Willow_Run_Bomber_Plant,,5,,2026-06-07,Batch_Kroll_Willow_Run,Batch_Kroll_Willow_Run,pre_cleared,7,8,8,,
CIC-WR-386,IMG_7112.PNG,Photograph,1-Willow_Run_Bomber_Plant,,5,,2026-06-07,Batch_Kroll_Willow_Run,Batch_Kroll_Willow_Run,pre_cleared,7,8,8,,
CIC-WR-387,IMG_7350.jpg,Photograph,1-Willow_Run_Bomber_Plant,,5,,2026-06-07,Batch_Kroll_Willow_Run,Batch_Kroll_Willow_Run,pre_cleared,7,8,8,,
CIC-WR-388,IMG_7351.PNG,Photograph,1-Willow_Run_Bomber_Plant,,5,,2026-06-07,Batch_Kroll_Willow_Run,Batch_Kroll_Willow_Run,pre_cleared,7,8,8,,
CIC-WR-389,IMG_7353.PNG,Photograph,1-Willow_Run_Bomber_Plant,,5,,2026-06-07,Batch_Kroll_Willow_Run,Batch_Kroll_Willow_Run,pre_cleared,7,8,8,,
CIC-WR-390,IMG_7354.PNG,Photograph,1-Willow_Run_Bomber_Plant,,5,,2026-06-07,Batch_Kroll_Willow_Run,Batch_Kroll_Willow_Run,pre_cleared,7,8,8,,
CIC-WR-391,IMG_7355.PNG,Photograph,1-Willow_Run_Bomber_Plant,,5,,2026-06-07,Batch_Kroll_Willow_Run,Batch_Kroll_Willow_Run,pre_cleared,7,8,8,,
CIC-WR-392,IMG_7423.jpg,Photograph,1-Willow_Run_Bomber_Plant,,5,,2026-06-07,Batch_Kroll_Willow_Run,Batch_Kroll_Willow_Run,pre_cleared,7,8,8,,
CIC-WR-393,IMG_7478.HEIC,Photograph,1-Willow_Run_Bomber_Plant,,5,,2026-06-07,Batch_Kroll_Willow_Run,Batch_Kroll_Willow_Run,pre_cleared,7,8,8,,
CIC-WR-394,IMG_7501.HEIC,Photograph,1-Willow_Run_Bomber_Plant,,5,,2026-06-07,Batch_Kroll_Willow_Run,Batch_Kroll_Willow_Run,pre_cleared,7,8,8,,
CIC-WR-395,IMG_7508.PNG,Photograph,1-Willow_Run_Bomber_Plant,,5,,2026-06-07,Batch_Kroll_Willow_Run,Batch_Kroll_Willow_Run,pre_cleared,7,8,8,,
CIC-WR-396,IMG_7515.PNG,Photograph,1-Willow_Run_Bomber_Plant,,5,,2026-06-07,Batch_Kroll_Willow_Run,Batch_Kroll_Willow_Run,pre_cleared,7,8,8,,
CIC-WR-397,IMG_7516.PNG,Photograph,1-Willow_Run_Bomber_Plant,,5,,2026-06-07,Batch_Kroll_Willow_Run,Batch_Kroll_Willow_Run,pre_cleared,7,8,8,,
CIC-WR-398,IMG_7517.PNG,Photograph,1-Willow_Run_Bomber_Plant,,5,,2026-06-07,Batch_Kroll_Willow_Run,Batch_Kroll_Willow_Run,pre_cleared,7,8,8,,
CIC-WR-399,IMG_7597.jpg,Photograph,1-Willow_Run_Bomber_Plant,,5,,2026-06-07,Batch_Kroll_Willow_Run,Batch_Kroll_Willow_Run,pre_cleared,7,8,8,,
CIC-WR-400,IMG_7740.HEIC,Photograph,1-Willow_Run_Bomber_Plant,,5,,2026-06-07,Batch_Kroll_Willow_Run,Batch_Kroll_Willow_Run,pre_cleared,7,8,8,,
CIC-WR-401,IMG_7741.jpg,Photograph,1-Willow_Run_Bomber_Plant,,5,,2026-06-07,Batch_Kroll_Willow_Run,Batch_Kroll_Willow_Run,pre_cleared,7,8,8,,
CIC-WR-402,IMG_7742.jpg,Photograph,1-Willow_Run_Bomber_Plant,,5,,2026-06-07,Batch_Kroll_Willow_Run,Batch_Kroll_Willow_Run,pre_cleared,7,8,8,,
CIC-WR-403,IMG_7743.jpg,Photograph,1-Willow_Run_Bomber_Plant,,5,,2026-06-07,Batch_Kroll_Willow_Run,Batch_Kroll_Willow_Run,pre_cleared,7,8,8,,
CIC-WR-404,IMG_7746.PNG,Photograph,1-Willow_Run_Bomber_Plant,,5,,2026-06-07,Batch_Kroll_Willow_Run,Batch_Kroll_Willow_Run,pre_cleared,7,8,8,,
CIC-WR-405,IMG_7839.jpg,Photograph,1-Willow_Run_Bomber_Plant,,5,,2026-06-07,Batch_Kroll_Willow_Run,Batch_Kroll_Willow_Run,pre_cleared,7,8,8,,
CIC-WR-406,IMG_7869.PNG,Photograph,1-Willow_Run_Bomber_Plant,,5,,2026-06-07,Batch_Kroll_Willow_Run,Batch_Kroll_Willow_Run,pre_cleared,7,8,8,,
CIC-WR-407,IMG_7980.PNG,Photograph,1-Willow_Run_Bomber_Plant,,5,,2026-06-07,Batch_Kroll_Willow_Run,Batch_Kroll_Willow_Run,pre_cleared,7,8,8,,
CIC-WR-408,IMG_8127.jpg,Photograph,1-Willow_Run_Bomber_Plant,,5,,2026-06-07,Batch_Kroll_Willow_Run,Batch_Kroll_Willow_Run,pre_cleared,7,8,8,,
CIC-WR-409,IMG_8182.PNG,Photograph,1-Willow_Run_Bomber_Plant,,5,,2026-06-07,Batch_Kroll_Willow_Run,Batch_Kroll_Willow_Run,pre_cleared,7,8,8,,
CIC-WR-410,IMG_8208.PNG,Photograph,1-Willow_Run_Bomber_Plant,,5,,2026-06-07,Batch_Kroll_Willow_Run,Batch_Kroll_Willow_Run,pre_cleared,7,8,8,,
CIC-WR-411,IMG_8216.PNG,Photograph,1-Willow_Run_Bomber_Plant,,5,,2026-06-07,Batch_Kroll_Willow_Run,Batch_Kroll_Willow_Run,pre_cleared,7,8,8,,
CIC-WR-412,IMG_8220.PNG,Photograph,1-Willow_Run_Bomber_Plant,,5,,2026-06-07,Batch_Kroll_Willow_Run,Batch_Kroll_Willow_Run,pre_cleared,7,8,8,,
CIC-WR-413,IMG_8226.PNG,Photograph,1-Willow_Run_Bomber_Plant,,5,,2026-06-07,Batch_Kroll_Willow_Run,Batch_Kroll_Willow_Run,pre_cleared,7,8,8,,
CIC-WR-414,IMG_8227.PNG,Photograph,1-Willow_Run_Bomber_Plant,,5,,2026-06-07,Batch_Kroll_Willow_Run,Batch_Kroll_Willow_Run,pre_cleared,7,8,8,,
CIC-WR-415,IMG_8237.PNG,Photograph,1-Willow_Run_Bomber_Plant,,5,,2026-06-07,Batch_Kroll_Willow_Run,Batch_Kroll_Willow_Run,pre_cleared,7,8,8,,
CIC-WR-416,IMG_8259.PNG,Photograph,1-Willow_Run_Bomber_Plant,,5,,2026-06-07,Batch_Kroll_Willow_Run,Batch_Kroll_Willow_Run,pre_cleared,7,8,8,,
CIC-WR-417,IMG_8261.PNG,Photograph,1-Willow_Run_Bomber_Plant,,5,,2026-06-07,Batch_Kroll_Willow_Run,Batch_Kroll_Willow_Run,pre_cleared,7,8,8,,
CIC-WR-418,IMG_8262.PNG,Photograph,1-Willow_Run_Bomber_Plant,,5,,2026-06-07,Batch_Kroll_Willow_Run,Batch_Kroll_Willow_Run,pre_cleared,7,8,8,,
CIC-WR-419,IMG_8298.PNG,Photograph,1-Willow_Run_Bomber_Plant,,5,,2026-06-07,Batch_Kroll_Willow_Run,Batch_Kroll_Willow_Run,pre_cleared,7,8,8,,
CIC-WR-420,IMG_8529.jpg,Photograph,1-Willow_Run_Bomber_Plant,,5,,2026-06-07,Batch_Kroll_Willow_Run,Batch_Kroll_Willow_Run,pre_cleared,7,8,8,,
CIC-WR-421,IMG_8564.PNG,Photograph,1-Willow_Run_Bomber_Plant,,5,,2026-06-07,Batch_Kroll_Willow_Run,Batch_Kroll_Willow_Run,pre_cleared,7,8,8,,
CIC-WR-422,IMG_8635.PNG,Photograph,1-Willow_Run_Bomber_Plant,,5,,2026-06-07,Batch_Kroll_Willow_Run,Batch_Kroll_Willow_Run,pre_cleared,7,8,8,,
CIC-WR-423,IMG_8666.HEIC,Photograph,1-Willow_Run_Bomber_Plant,,5,,2026-06-07,Batch_Kroll_Willow_Run,Batch_Kroll_Willow_Run,pre_cleared,7,8,8,,
CIC-WR-424,IMG_8667.HEIC,Photograph,1-Willow_Run_Bomber_Plant,,5,,2026-06-07,Batch_Kroll_Willow_Run,Batch_Kroll_Willow_Run,pre_cleared,7,8,8,,
CIC-WR-425,IMG_8668.HEIC,Photograph,1-Willow_Run_Bomber_Plant,,5,,2026-06-07,Batch_Kroll_Willow_Run,Batch_Kroll_Willow_Run,pre_cleared,7,8,8,,
CIC-WR-426,IMG_8669.HEIC,Photograph,1-Willow_Run_Bomber_Plant,,5,,2026-06-07,Batch_Kroll_Willow_Run,Batch_Kroll_Willow_Run,pre_cleared,7,8,8,,
CIC-WR-427,IMG_8670.HEIC,Photograph,1-Willow_Run_Bomber_Plant,,5,,2026-06-07,Batch_Kroll_Willow_Run,Batch_Kroll_Willow_Run,pre_cleared,7,8,8,,
CIC-WR-428,IMG_8693.HEIC,Photograph,1-Willow_Run_Bomber_Plant,,5,,2026-06-07,Batch_Kroll_Willow_Run,Batch_Kroll_Willow_Run,pre_cleared,7,8,8,,
CIC-WR-429,IMG_8694.HEIC,Photograph,1-Willow_Run_Bomber_Plant,,5,,2026-06-07,Batch_Kroll_Willow_Run,Batch_Kroll_Willow_Run,pre_cleared,7,8,8,,
CIC-WR-430,IMG_8715.HEIC,Photograph,1-Willow_Run_Bomber_Plant,,5,,2026-06-07,Batch_Kroll_Willow_Run,Batch_Kroll_Willow_Run,pre_cleared,7,8,8,,
CIC-WR-431,IMG_8728.PNG,Photograph,1-Willow_Run_Bomber_Plant,,5,,2026-06-07,Batch_Kroll_Willow_Run,Batch_Kroll_Willow_Run,pre_cleared,7,8,8,,
CIC-WR-432,IMG_8735.PNG,Photograph,1-Willow_Run_Bomber_Plant,,5,,2026-06-07,Batch_Kroll_Willow_Run,Batch_Kroll_Willow_Run,pre_cleared,7,8,8,,
CIC-WR-433,IMG_8796.PNG,Photograph,1-Willow_Run_Bomber_Plant,,5,,2026-06-07,Batch_Kroll_Willow_Run,Batch_Kroll_Willow_Run,pre_cleared,7,8,8,,
CIC-WR-434,IMG_8798.jpg,Photograph,1-Willow_Run_Bomber_Plant,,5,,2026-06-07,Batch_Kroll_Willow_Run,Batch_Kroll_Willow_Run,pre_cleared,7,8,8,,
CIC-WR-435,IMG_8841.PNG,Photograph,1-Willow_Run_Bomber_Plant,,5,,2026-06-07,Batch_Kroll_Willow_Run,Batch_Kroll_Willow_Run,pre_cleared,7,8,8,,
CIC-WR-436,IMG_8843.PNG,Photograph,1-Willow_Run_Bomber_Plant,,5,,2026-06-07,Batch_Kroll_Willow_Run,Batch_Kroll_Willow_Run,pre_cleared,7,8,8,,
CIC-WR-437,IMG_8848.PNG,Photograph,1-Willow_Run_Bomber_Plant,,5,,2026-06-07,Batch_Kroll_Willow_Run,Batch_Kroll_Willow_Run,pre_cleared,7,8,8,,
CIC-WR-438,IMG_8938.PNG,Photograph,1-Willow_Run_Bomber_Plant,,5,,2026-06-07,Batch_Kroll_Willow_Run,Batch_Kroll_Willow_Run,pre_cleared,7,8,8,,
CIC-WR-439,IMG_8999.HEIC,Photograph,1-Willow_Run_Bomber_Plant,,5,,2026-06-07,Batch_Kroll_Willow_Run,Batch_Kroll_Willow_Run,pre_cleared,7,8,8,,
CIC-WR-440,IMG_9029.PNG,Photograph,1-Willow_Run_Bomber_Plant,,5,,2026-06-07,Batch_Kroll_Willow_Run,Batch_Kroll_Willow_Run,pre_cleared,7,8,8,,
CIC-WR-441,IMG_9064.HEIC,Photograph,1-Willow_Run_Bomber_Plant,,5,,2026-06-07,Batch_Kroll_Willow_Run,Batch_Kroll_Willow_Run,pre_cleared,7,8,8,,
CIC-WR-442,IMG_9065.HEIC,Photograph,1-Willow_Run_Bomber_Plant,,5,,2026-06-07,Batch_Kroll_Willow_Run,Batch_Kroll_Willow_Run,pre_cleared,7,8,8,,
CIC-WR-443,IMG_9066.HEIC,Photograph,1-Willow_Run_Bomber_Plant,,5,,2026-06-07,Batch_Kroll_Willow_Run,Batch_Kroll_Willow_Run,pre_cleared,7,8,8,,
CIC-WR-444,IMG_9067.HEIC,Photograph,1-Willow_Run_Bomber_Plant,,5,,2026-06-07,Batch_Kroll_Willow_Run,Batch_Kroll_Willow_Run,pre_cleared,7,8,8,,
CIC-WR-445,IMG_9068.HEIC,Photograph,1-Willow_Run_Bomber_Plant,,5,,2026-06-07,Batch_Kroll_Willow_Run,Batch_Kroll_Willow_Run,pre_cleared,7,8,8,,
CIC-WR-446,IMG_9074.HEIC,Photograph,1-Willow_Run_Bomber_Plant,,5,,2026-06-07,Batch_Kroll_Willow_Run,Batch_Kroll_Willow_Run,pre_cleared,7,8,8,,
CIC-WR-447,IMG_9075.HEIC,Photograph,1-Willow_Run_Bomber_Plant,,5,,2026-06-07,Batch_Kroll_Willow_Run,Batch_Kroll_Willow_Run,pre_cleared,7,8,8,,
CIC-WR-448,IMG_9076.jpg,Photograph,1-Willow_Run_Bomber_Plant,,5,,2026-06-07,Batch_Kroll_Willow_Run,Batch_Kroll_Willow_Run,pre_cleared,7,8,8,,
CIC-WR-449,IMG_9077.jpg,Photograph,1-Willow_Run_Bomber_Plant,,5,,2026-06-07,Batch_Kroll_Willow_Run,Batch_Kroll_Willow_Run,pre_cleared,7,8,8,,
CIC-WR-450,IMG_9078.HEIC,Photograph,1-Willow_Run_Bomber_Plant,,5,,2026-06-07,Batch_Kroll_Willow_Run,Batch_Kroll_Willow_Run,pre_cleared,7,8,8,,
CIC-WR-451,IMG_9079.HEIC,Photograph,1-Willow_Run_Bomber_Plant,,5,,2026-06-07,Batch_Kroll_Willow_Run,Batch_Kroll_Willow_Run,pre_cleared,7,8,8,,
CIC-WR-452,IMG_9082.HEIC,Photograph,1-Willow_Run_Bomber_Plant,,5,,2026-06-07,Batch_Kroll_Willow_Run,Batch_Kroll_Willow_Run,pre_cleared,7,8,8,,
CIC-WR-453,IMG_9083.HEIC,Photograph,1-Willow_Run_Bomber_Plant,,5,,2026-06-07,Batch_Kroll_Willow_Run,Batch_Kroll_Willow_Run,pre_cleared,7,8,8,,
CIC-WR-454,IMG_9084.HEIC,Photograph,1-Willow_Run_Bomber_Plant,,5,,2026-06-07,Batch_Kroll_Willow_Run,Batch_Kroll_Willow_Run,pre_cleared,7,8,8,,
CIC-WR-455,IMG_9085.HEIC,Photograph,1-Willow_Run_Bomber_Plant,,5,,2026-06-07,Batch_Kroll_Willow_Run,Batch_Kroll_Willow_Run,pre_cleared,7,8,8,,
CIC-WR-456,IMG_9087.HEIC,Photograph,1-Willow_Run_Bomber_Plant,,5,,2026-06-07,Batch_Kroll_Willow_Run,Batch_Kroll_Willow_Run,pre_cleared,7,8,8,,
CIC-WR-457,IMG_9088.HEIC,Photograph,1-Willow_Run_Bomber_Plant,,5,,2026-06-07,Batch_Kroll_Willow_Run,Batch_Kroll_Willow_Run,pre_cleared,7,8,8,,
CIC-WR-458,IMG_9136.HEIC,Photograph,1-Willow_Run_Bomber_Plant,,5,,2026-06-07,Batch_Kroll_Willow_Run,Batch_Kroll_Willow_Run,pre_cleared,7,8,8,,
CIC-WR-459,IMG_9137.HEIC,Photograph,1-Willow_Run_Bomber_Plant,,5,,2026-06-07,Batch_Kroll_Willow_Run,Batch_Kroll_Willow_Run,pre_cleared,7,8,8,,
CIC-WR-460,IMG_9195.PNG,Photograph,1-Willow_Run_Bomber_Plant,,5,,2026-06-07,Batch_Kroll_Willow_Run,Batch_Kroll_Willow_Run,pre_cleared,7,8,8,,
CIC-WR-461,IMG_9372.PNG,Photograph,1-Willow_Run_Bomber_Plant,,5,,2026-06-07,Batch_Kroll_Willow_Run,Batch_Kroll_Willow_Run,pre_cleared,7,8,8,,
CIC-WR-462,IMG_9373.PNG,Photograph,1-Willow_Run_Bomber_Plant,,5,,2026-06-07,Batch_Kroll_Willow_Run,Batch_Kroll_Willow_Run,pre_cleared,7,8,8,,
CIC-WR-463,IMG_9390.PNG,Photograph,1-Willow_Run_Bomber_Plant,,5,,2026-06-07,Batch_Kroll_Willow_Run,Batch_Kroll_Willow_Run,pre_cleared,7,8,8,,
CIC-WR-464,IMG_9396.PNG,Photograph,1-Willow_Run_Bomber_Plant,,5,,2026-06-07,Batch_Kroll_Willow_Run,Batch_Kroll_Willow_Run,pre_cleared,7,8,8,,
CIC-WR-465,IMG_9608.HEIC,Photograph,1-Willow_Run_Bomber_Plant,,5,,2026-06-07,Batch_Kroll_Willow_Run,Batch_Kroll_Willow_Run,pre_cleared,7,8,8,,
CIC-WR-466,IMG_9685.PNG,Photograph,1-Willow_Run_Bomber_Plant,,5,,2026-06-07,Batch_Kroll_Willow_Run,Batch_Kroll_Willow_Run,pre_cleared,7,8,8,,
CIC-WR-467,IMG_9734.jpg,Photograph,1-Willow_Run_Bomber_Plant,,5,,2026-06-07,Batch_Kroll_Willow_Run,Batch_Kroll_Willow_Run,pre_cleared,7,8,8,,
CIC-WR-468,IMG_9827.PNG,Photograph,1-Willow_Run_Bomber_Plant,,5,,2026-06-07,Batch_Kroll_Willow_Run,Batch_Kroll_Willow_Run,pre_cleared,7,8,8,,
CIC-WR-469,IMG_9889.PNG,Photograph,1-Willow_Run_Bomber_Plant,,5,,2026-06-07,Batch_Kroll_Willow_Run,Batch_Kroll_Willow_Run,pre_cleared,7,8,8,,
CIC-WR-470,IMG_9991.PNG,Photograph,1-Willow_Run_Bomber_Plant,,5,,2026-06-07,Batch_Kroll_Willow_Run,Batch_Kroll_Willow_Run,pre_cleared,7,8,8,,
CIC-WR-471,Soresen Chris-1.HEIC,Photograph,1-Willow_Run_Bomber_Plant,,5,,2026-06-07,Batch_Kroll_Willow_Run,Batch_Kroll_Willow_Run,pre_cleared,7,8,8,,
CIC-WR-472,Soresen Chris-10.HEIC,Photograph,1-Willow_Run_Bomber_Plant,,5,,2026-06-07,Batch_Kroll_Willow_Run,Batch_Kroll_Willow_Run,pre_cleared,7,8,8,,
CIC-WR-473,Soresen Chris-100.PNG,Photograph,1-Willow_Run_Bomber_Plant,,5,,2026-06-07,Batch_Kroll_Willow_Run,Batch_Kroll_Willow_Run,pre_cleared,7,8,8,,
CIC-WR-474,Soresen Chris-101.PNG,Photograph,1-Willow_Run_Bomber_Plant,,5,,2026-06-07,Batch_Kroll_Willow_Run,Batch_Kroll_Willow_Run,pre_cleared,7,8,8,,
CIC-WR-475,Soresen Chris-102.PNG,Photograph,1-Willow_Run_Bomber_Plant,,5,,2026-06-07,Batch_Kroll_Willow_Run,Batch_Kroll_Willow_Run,pre_cleared,7,8,8,,
CIC-WR-476,Soresen Chris-103.PNG,Photograph,1-Willow_Run_Bomber_Plant,,5,,2026-06-07,Batch_Kroll_Willow_Run,Batch_Kroll_Willow_Run,pre_cleared,7,8,8,,
CIC-WR-477,Soresen Chris-104.PNG,Photograph,1-Willow_Run_Bomber_Plant,,5,,2026-06-07,Batch_Kroll_Willow_Run,Batch_Kroll_Willow_Run,pre_cleared,7,8,8,,
CIC-WR-478,Soresen Chris-105.PNG,Photograph,1-Willow_Run_Bomber_Plant,,5,,2026-06-07,Batch_Kroll_Willow_Run,Batch_Kroll_Willow_Run,pre_cleared,7,8,8,,
CIC-WR-479,Soresen Chris-106.PNG,Photograph,1-Willow_Run_Bomber_Plant,,5,,2026-06-07,Batch_Kroll_Willow_Run,Batch_Kroll_Willow_Run,pre_cleared,7,8,8,,
CIC-WR-480,Soresen Chris-107.PNG,Photograph,1-Willow_Run_Bomber_Plant,,5,,2026-06-07,Batch_Kroll_Willow_Run,Batch_Kroll_Willow_Run,pre_cleared,7,8,8,,
CIC-WR-481,Soresen Chris-108.PNG,Photograph,1-Willow_Run_Bomber_Plant,,5,,2026-06-07,Batch_Kroll_Willow_Run,Batch_Kroll_Willow_Run,pre_cleared,7,8,8,,
CIC-WR-482,Soresen Chris-109.PNG,Photograph,1-Willow_Run_Bomber_Plant,,5,,2026-06-07,Batch_Kroll_Willow_Run,Batch_Kroll_Willow_Run,pre_cleared,7,8,8,,
CIC-WR-483,Soresen Chris-11.HEIC,Photograph,1-Willow_Run_Bomber_Plant,,5,,2026-06-07,Batch_Kroll_Willow_Run,Batch_Kroll_Willow_Run,pre_cleared,7,8,8,,
CIC-WR-484,Soresen Chris-110.PNG,Photograph,1-Willow_Run_Bomber_Plant,,5,,2026-06-07,Batch_Kroll_Willow_Run,Batch_Kroll_Willow_Run,pre_cleared,7,8,8,,
CIC-WR-485,Soresen Chris-111.PNG,Photograph,1-Willow_Run_Bomber_Plant,,5,,2026-06-07,Batch_Kroll_Willow_Run,Batch_Kroll_Willow_Run,pre_cleared,7,8,8,,
CIC-WR-486,Soresen Chris-112.PNG,Photograph,1-Willow_Run_Bomber_Plant,,5,,2026-06-07,Batch_Kroll_Willow_Run,Batch_Kroll_Willow_Run,pre_cleared,7,8,8,,
CIC-WR-487,Soresen Chris-113.jpg,Photograph,1-Willow_Run_Bomber_Plant,,5,,2026-06-07,Batch_Kroll_Willow_Run,Batch_Kroll_Willow_Run,pre_cleared,7,8,8,,
CIC-WR-488,Soresen Chris-114.PNG,Photograph,1-Willow_Run_Bomber_Plant,,5,,2026-06-07,Batch_Kroll_Willow_Run,Batch_Kroll_Willow_Run,pre_cleared,7,8,8,,
CIC-WR-489,Soresen Chris-115.jpg,Photograph,1-Willow_Run_Bomber_Plant,,5,,2026-06-07,Batch_Kroll_Willow_Run,Batch_Kroll_Willow_Run,pre_cleared,7,8,8,,
CIC-WR-490,Soresen Chris-116.jpg,Photograph,1-Willow_Run_Bomber_Plant,,5,,2026-06-07,Batch_Kroll_Willow_Run,Batch_Kroll_Willow_Run,pre_cleared,7,8,8,,
CIC-WR-491,Soresen Chris-12.heic,Photograph,1-Willow_Run_Bomber_Plant,,5,,2026-06-07,Batch_Kroll_Willow_Run,Batch_Kroll_Willow_Run,pre_cleared,7,8,8,,
CIC-WR-492,Soresen Chris-13.HEIC,Photograph,1-Willow_Run_Bomber_Plant,,5,,2026-06-07,Batch_Kroll_Willow_Run,Batch_Kroll_Willow_Run,pre_cleared,7,8,8,,
CIC-WR-493,Soresen Chris-14.HEIC,Photograph,1-Willow_Run_Bomber_Plant,,5,,2026-06-07,Batch_Kroll_Willow_Run,Batch_Kroll_Willow_Run,pre_cleared,7,8,8,,
CIC-WR-494,Soresen Chris-15.HEIC,Photograph,1-Willow_Run_Bomber_Plant,,5,,2026-06-07,Batch_Kroll_Willow_Run,Batch_Kroll_Willow_Run,pre_cleared,7,8,8,,
CIC-WR-495,Soresen Chris-16.HEIC,Photograph,1-Willow_Run_Bomber_Plant,,5,,2026-06-07,Batch_Kroll_Willow_Run,Batch_Kroll_Willow_Run,pre_cleared,7,8,8,,
CIC-WR-496,Soresen Chris-17.HEIC,Photograph,1-Willow_Run_Bomber_Plant,,5,,2026-06-07,Batch_Kroll_Willow_Run,Batch_Kroll_Willow_Run,pre_cleared,7,8,8,,
CIC-WR-497,Soresen Chris-18.HEIC,Photograph,1-Willow_Run_Bomber_Plant,,5,,2026-06-07,Batch_Kroll_Willow_Run,Batch_Kroll_Willow_Run,pre_cleared,7,8,8,,
CIC-WR-498,Soresen Chris-19.HEIC,Photograph,1-Willow_Run_Bomber_Plant,,5,,2026-06-07,Batch_Kroll_Willow_Run,Batch_Kroll_Willow_Run,pre_cleared,7,8,8,,
CIC-WR-499,Soresen Chris-2.heic,Photograph,1-Willow_Run_Bomber_Plant,,5,,2026-06-07,Batch_Kroll_Willow_Run,Batch_Kroll_Willow_Run,pre_cleared,7,8,8,,
CIC-WR-500,Soresen Chris-20.heic,Photograph,1-Willow_Run_Bomber_Plant,,5,,2026-06-07,Batch_Kroll_Willow_Run,Batch_Kroll_Willow_Run,pre_cleared,7,8,8,,
CIC-WR-501,Soresen Chris-21.HEIC,Photograph,1-Willow_Run_Bomber_Plant,,5,,2026-06-07,Batch_Kroll_Willow_Run,Batch_Kroll_Willow_Run,pre_cleared,7,8,8,,
CIC-WR-502,Soresen Chris-22.HEIC,Photograph,1-Willow_Run_Bomber_Plant,,5,,2026-06-07,Batch_Kroll_Willow_Run,Batch_Kroll_Willow_Run,pre_cleared,7,8,8,,
CIC-WR-503,Soresen Chris-23.HEIC,Photograph,1-Willow_Run_Bomber_Plant,,5,,2026-06-07,Batch_Kroll_Willow_Run,Batch_Kroll_Willow_Run,pre_cleared,7,8,8,,
CIC-WR-504,Soresen Chris-24.HEIC,Photograph,1-Willow_Run_Bomber_Plant,,5,,2026-06-07,Batch_Kroll_Willow_Run,Batch_Kroll_Willow_Run,pre_cleared,7,8,8,,
CIC-WR-505,Soresen Chris-25.HEIC,Photograph,1-Willow_Run_Bomber_Plant,,5,,2026-06-07,Batch_Kroll_Willow_Run,Batch_Kroll_Willow_Run,pre_cleared,7,8,8,,
CIC-WR-506,Soresen Chris-26.HEIC,Photograph,1-Willow_Run_Bomber_Plant,,5,,2026-06-07,Batch_Kroll_Willow_Run,Batch_Kroll_Willow_Run,pre_cleared,7,8,8,,
CIC-WR-507,Soresen Chris-27.HEIC,Photograph,1-Willow_Run_Bomber_Plant,,5,,2026-06-07,Batch_Kroll_Willow_Run,Batch_Kroll_Willow_Run,pre_cleared,7,8,8,,
CIC-WR-508,Soresen Chris-28.HEIC,Photograph,1-Willow_Run_Bomber_Plant,,5,,2026-06-07,Batch_Kroll_Willow_Run,Batch_Kroll_Willow_Run,pre_cleared,7,8,8,,
CIC-WR-509,Soresen Chris-29.HEIC,Photograph,1-Willow_Run_Bomber_Plant,,5,,2026-06-07,Batch_Kroll_Willow_Run,Batch_Kroll_Willow_Run,pre_cleared,7,8,8,,
CIC-WR-510,Soresen Chris-3.HEIC,Photograph,1-Willow_Run_Bomber_Plant,,5,,2026-06-07,Batch_Kroll_Willow_Run,Batch_Kroll_Willow_Run,pre_cleared,7,8,8,,
CIC-WR-511,Soresen Chris-30.HEIC,Photograph,1-Willow_Run_Bomber_Plant,,5,,2026-06-07,Batch_Kroll_Willow_Run,Batch_Kroll_Willow_Run,pre_cleared,7,8,8,,
CIC-WR-512,Soresen Chris-31.HEIC,Photograph,1-Willow_Run_Bomber_Plant,,5,,2026-06-07,Batch_Kroll_Willow_Run,Batch_Kroll_Willow_Run,pre_cleared,7,8,8,,
CIC-WR-513,Soresen Chris-32.HEIC,Photograph,1-Willow_Run_Bomber_Plant,,5,,2026-06-07,Batch_Kroll_Willow_Run,Batch_Kroll_Willow_Run,pre_cleared,7,8,8,,
CIC-WR-514,Soresen Chris-33.HEIC,Photograph,1-Willow_Run_Bomber_Plant,,5,,2026-06-07,Batch_Kroll_Willow_Run,Batch_Kroll_Willow_Run,pre_cleared,7,8,8,,
CIC-WR-515,Soresen Chris-34.HEIC,Photograph,1-Willow_Run_Bomber_Plant,,5,,2026-06-07,Batch_Kroll_Willow_Run,Batch_Kroll_Willow_Run,pre_cleared,7,8,8,,
CIC-WR-516,Soresen Chris-35.PNG,Photograph,1-Willow_Run_Bomber_Plant,,5,,2026-06-07,Batch_Kroll_Willow_Run,Batch_Kroll_Willow_Run,pre_cleared,7,8,8,,
CIC-WR-517,Soresen Chris-36.PNG,Photograph,1-Willow_Run_Bomber_Plant,,5,,2026-06-07,Batch_Kroll_Willow_Run,Batch_Kroll_Willow_Run,pre_cleared,7,8,8,,
CIC-WR-518,Soresen Chris-37.PNG,Photograph,1-Willow_Run_Bomber_Plant,,5,,2026-06-07,Batch_Kroll_Willow_Run,Batch_Kroll_Willow_Run,pre_cleared,7,8,8,,
CIC-WR-519,Soresen Chris-38.PNG,Photograph,1-Willow_Run_Bomber_Plant,,5,,2026-06-07,Batch_Kroll_Willow_Run,Batch_Kroll_Willow_Run,pre_cleared,7,8,8,,
CIC-WR-520,Soresen Chris-39.PNG,Photograph,1-Willow_Run_Bomber_Plant,,5,,2026-06-07,Batch_Kroll_Willow_Run,Batch_Kroll_Willow_Run,pre_cleared,7,8,8,,
CIC-WR-521,Soresen Chris-4.HEIC,Photograph,1-Willow_Run_Bomber_Plant,,5,,2026-06-07,Batch_Kroll_Willow_Run,Batch_Kroll_Willow_Run,pre_cleared,7,8,8,,
CIC-WR-522,Soresen Chris-40.PNG,Photograph,1-Willow_Run_Bomber_Plant,,5,,2026-06-07,Batch_Kroll_Willow_Run,Batch_Kroll_Willow_Run,pre_cleared,7,8,8,,
CIC-WR-523,Soresen Chris-41.PNG,Photograph,1-Willow_Run_Bomber_Plant,,5,,2026-06-07,Batch_Kroll_Willow_Run,Batch_Kroll_Willow_Run,pre_cleared,7,8,8,,
CIC-WR-524,Soresen Chris-42.HEIC,Photograph,1-Willow_Run_Bomber_Plant,,5,,2026-06-07,Batch_Kroll_Willow_Run,Batch_Kroll_Willow_Run,pre_cleared,7,8,8,,
CIC-WR-525,Soresen Chris-43.HEIC,Photograph,1-Willow_Run_Bomber_Plant,,5,,2026-06-07,Batch_Kroll_Willow_Run,Batch_Kroll_Willow_Run,pre_cleared,7,8,8,,
CIC-WR-526,Soresen Chris-44.HEIC,Photograph,1-Willow_Run_Bomber_Plant,,5,,2026-06-07,Batch_Kroll_Willow_Run,Batch_Kroll_Willow_Run,pre_cleared,7,8,8,,
CIC-WR-527,Soresen Chris-45.HEIC,Photograph,1-Willow_Run_Bomber_Plant,,5,,2026-06-07,Batch_Kroll_Willow_Run,Batch_Kroll_Willow_Run,pre_cleared,7,8,8,,
CIC-WR-528,Soresen Chris-46.PNG,Photograph,1-Willow_Run_Bomber_Plant,,5,,2026-06-07,Batch_Kroll_Willow_Run,Batch_Kroll_Willow_Run,pre_cleared,7,8,8,,
CIC-WR-529,Soresen Chris-47.jpg,Photograph,1-Willow_Run_Bomber_Plant,,5,,2026-06-07,Batch_Kroll_Willow_Run,Batch_Kroll_Willow_Run,pre_cleared,7,8,8,,
CIC-WR-530,Soresen Chris-48.PNG,Photograph,1-Willow_Run_Bomber_Plant,,5,,2026-06-07,Batch_Kroll_Willow_Run,Batch_Kroll_Willow_Run,pre_cleared,7,8,8,,
CIC-WR-531,Soresen Chris-49.PNG,Photograph,1-Willow_Run_Bomber_Plant,,5,,2026-06-07,Batch_Kroll_Willow_Run,Batch_Kroll_Willow_Run,pre_cleared,7,8,8,,
CIC-WR-532,Soresen Chris-5.HEIC,Photograph,1-Willow_Run_Bomber_Plant,,5,,2026-06-07,Batch_Kroll_Willow_Run,Batch_Kroll_Willow_Run,pre_cleared,7,8,8,,
CIC-WR-533,Soresen Chris-50.PNG,Photograph,1-Willow_Run_Bomber_Plant,,5,,2026-06-07,Batch_Kroll_Willow_Run,Batch_Kroll_Willow_Run,pre_cleared,7,8,8,,
CIC-WR-534,Soresen Chris-51.PNG,Photograph,1-Willow_Run_Bomber_Plant,,5,,2026-06-07,Batch_Kroll_Willow_Run,Batch_Kroll_Willow_Run,pre_cleared,7,8,8,,
CIC-WR-535,Soresen Chris-52.PNG,Photograph,1-Willow_Run_Bomber_Plant,,5,,2026-06-07,Batch_Kroll_Willow_Run,Batch_Kroll_Willow_Run,pre_cleared,7,8,8,,
CIC-WR-536,Soresen Chris-53.PNG,Photograph,1-Willow_Run_Bomber_Plant,,5,,2026-06-07,Batch_Kroll_Willow_Run,Batch_Kroll_Willow_Run,pre_cleared,7,8,8,,
CIC-WR-537,Soresen Chris-54.PNG,Photograph,1-Willow_Run_Bomber_Plant,,5,,2026-06-07,Batch_Kroll_Willow_Run,Batch_Kroll_Willow_Run,pre_cleared,7,8,8,,
CIC-WR-538,Soresen Chris-55.PNG,Photograph,1-Willow_Run_Bomber_Plant,,5,,2026-06-07,Batch_Kroll_Willow_Run,Batch_Kroll_Willow_Run,pre_cleared,7,8,8,,
CIC-WR-539,Soresen Chris-56.PNG,Photograph,1-Willow_Run_Bomber_Plant,,5,,2026-06-07,Batch_Kroll_Willow_Run,Batch_Kroll_Willow_Run,pre_cleared,7,8,8,,
CIC-WR-540,Soresen Chris-57.PNG,Photograph,1-Willow_Run_Bomber_Plant,,5,,2026-06-07,Batch_Kroll_Willow_Run,Batch_Kroll_Willow_Run,pre_cleared,7,8,8,,
CIC-WR-541,Soresen Chris-58.PNG,Photograph,1-Willow_Run_Bomber_Plant,,5,,2026-06-07,Batch_Kroll_Willow_Run,Batch_Kroll_Willow_Run,pre_cleared,7,8,8,,
CIC-WR-542,Soresen Chris-59.PNG,Photograph,1-Willow_Run_Bomber_Plant,,5,,2026-06-07,Batch_Kroll_Willow_Run,Batch_Kroll_Willow_Run,pre_cleared,7,8,8,,
CIC-WR-543,Soresen Chris-6.jpg,Photograph,1-Willow_Run_Bomber_Plant,,5,,2026-06-07,Batch_Kroll_Willow_Run,Batch_Kroll_Willow_Run,pre_cleared,7,8,8,,
CIC-WR-544,Soresen Chris-60.PNG,Photograph,1-Willow_Run_Bomber_Plant,,5,,2026-06-07,Batch_Kroll_Willow_Run,Batch_Kroll_Willow_Run,pre_cleared,7,8,8,,
CIC-WR-545,Soresen Chris-61.PNG,Photograph,1-Willow_Run_Bomber_Plant,,5,,2026-06-07,Batch_Kroll_Willow_Run,Batch_Kroll_Willow_Run,pre_cleared,7,8,8,,
CIC-WR-546,Soresen Chris-62.PNG,Photograph,1-Willow_Run_Bomber_Plant,,5,,2026-06-07,Batch_Kroll_Willow_Run,Batch_Kroll_Willow_Run,pre_cleared,7,8,8,,
CIC-WR-547,Soresen Chris-63.PNG,Photograph,1-Willow_Run_Bomber_Plant,,5,,2026-06-07,Batch_Kroll_Willow_Run,Batch_Kroll_Willow_Run,pre_cleared,7,8,8,,
CIC-WR-548,Soresen Chris-64.PNG,Photograph,1-Willow_Run_Bomber_Plant,,5,,2026-06-07,Batch_Kroll_Willow_Run,Batch_Kroll_Willow_Run,pre_cleared,7,8,8,,
CIC-WR-549,Soresen Chris-65.jpg,Photograph,1-Willow_Run_Bomber_Plant,,5,,2026-06-07,Batch_Kroll_Willow_Run,Batch_Kroll_Willow_Run,pre_cleared,7,8,8,,
CIC-WR-550,Soresen Chris-66.jpg,Photograph,1-Willow_Run_Bomber_Plant,,5,,2026-06-07,Batch_Kroll_Willow_Run,Batch_Kroll_Willow_Run,pre_cleared,7,8,8,,
CIC-WR-551,Soresen Chris-67.PNG,Photograph,1-Willow_Run_Bomber_Plant,,5,,2026-06-07,Batch_Kroll_Willow_Run,Batch_Kroll_Willow_Run,pre_cleared,7,8,8,,
CIC-WR-552,Soresen Chris-68.PNG,Photograph,1-Willow_Run_Bomber_Plant,,5,,2026-06-07,Batch_Kroll_Willow_Run,Batch_Kroll_Willow_Run,pre_cleared,7,8,8,,
CIC-WR-553,Soresen Chris-69.jpg,Photograph,1-Willow_Run_Bomber_Plant,,5,,2026-06-07,Batch_Kroll_Willow_Run,Batch_Kroll_Willow_Run,pre_cleared,7,8,8,,
CIC-WR-554,Soresen Chris-7.HEIC,Photograph,1-Willow_Run_Bomber_Plant,,5,,2026-06-07,Batch_Kroll_Willow_Run,Batch_Kroll_Willow_Run,pre_cleared,7,8,8,,
CIC-WR-555,Soresen Chris-70.PNG,Photograph,1-Willow_Run_Bomber_Plant,,5,,2026-06-07,Batch_Kroll_Willow_Run,Batch_Kroll_Willow_Run,pre_cleared,7,8,8,,
CIC-WR-556,Soresen Chris-71.PNG,Photograph,1-Willow_Run_Bomber_Plant,,5,,2026-06-07,Batch_Kroll_Willow_Run,Batch_Kroll_Willow_Run,pre_cleared,7,8,8,,
CIC-WR-557,Soresen Chris-72.jpg,Photograph,1-Willow_Run_Bomber_Plant,,5,,2026-06-07,Batch_Kroll_Willow_Run,Batch_Kroll_Willow_Run,pre_cleared,7,8,8,,
CIC-WR-558,Soresen Chris-73.heic,Photograph,1-Willow_Run_Bomber_Plant,,5,,2026-06-07,Batch_Kroll_Willow_Run,Batch_Kroll_Willow_Run,pre_cleared,7,8,8,,
CIC-WR-559,Soresen Chris-74.heic,Photograph,1-Willow_Run_Bomber_Plant,,5,,2026-06-07,Batch_Kroll_Willow_Run,Batch_Kroll_Willow_Run,pre_cleared,7,8,8,,
CIC-WR-560,Soresen Chris-75.heic,Photograph,1-Willow_Run_Bomber_Plant,,5,,2026-06-07,Batch_Kroll_Willow_Run,Batch_Kroll_Willow_Run,pre_cleared,7,8,8,,
CIC-WR-561,Soresen Chris-76.heic,Photograph,1-Willow_Run_Bomber_Plant,,5,,2026-06-07,Batch_Kroll_Willow_Run,Batch_Kroll_Willow_Run,pre_cleared,7,8,8,,
CIC-WR-562,Soresen Chris-77.heic,Photograph,1-Willow_Run_Bomber_Plant,,5,,2026-06-07,Batch_Kroll_Willow_Run,Batch_Kroll_Willow_Run,pre_cleared,7,8,8,,
CIC-WR-563,Soresen Chris-78.heic,Photograph,1-Willow_Run_Bomber_Plant,,5,,2026-06-07,Batch_Kroll_Willow_Run,Batch_Kroll_Willow_Run,pre_cleared,7,8,8,,
CIC-WR-564,Soresen Chris-79.heic,Photograph,1-Willow_Run_Bomber_Plant,,5,,2026-06-07,Batch_Kroll_Willow_Run,Batch_Kroll_Willow_Run,pre_cleared,7,8,8,,
CIC-WR-565,Soresen Chris-8.HEIC,Photograph,1-Willow_Run_Bomber_Plant,,5,,2026-06-07,Batch_Kroll_Willow_Run,Batch_Kroll_Willow_Run,pre_cleared,7,8,8,,
CIC-WR-566,Soresen Chris-80.heic,Photograph,1-Willow_Run_Bomber_Plant,,5,,2026-06-07,Batch_Kroll_Willow_Run,Batch_Kroll_Willow_Run,pre_cleared,7,8,8,,
CIC-WR-567,Soresen Chris-81.heic,Photograph,1-Willow_Run_Bomber_Plant,,5,,2026-06-07,Batch_Kroll_Willow_Run,Batch_Kroll_Willow_Run,pre_cleared,7,8,8,,
CIC-WR-568,Soresen Chris-82.heic,Photograph,1-Willow_Run_Bomber_Plant,,5,,2026-06-07,Batch_Kroll_Willow_Run,Batch_Kroll_Willow_Run,pre_cleared,7,8,8,,
CIC-WR-569,Soresen Chris-83.heic,Photograph,1-Willow_Run_Bomber_Plant,,5,,2026-06-07,Batch_Kroll_Willow_Run,Batch_Kroll_Willow_Run,pre_cleared,7,8,8,,
CIC-WR-570,Soresen Chris-84.heic,Photograph,1-Willow_Run_Bomber_Plant,,5,,2026-06-07,Batch_Kroll_Willow_Run,Batch_Kroll_Willow_Run,pre_cleared,7,8,8,,
CIC-WR-571,Soresen Chris-85.heic,Photograph,1-Willow_Run_Bomber_Plant,,5,,2026-06-07,Batch_Kroll_Willow_Run,Batch_Kroll_Willow_Run,pre_cleared,7,8,8,,
CIC-WR-572,Soresen Chris-86.heic,Photograph,1-Willow_Run_Bomber_Plant,,5,,2026-06-07,Batch_Kroll_Willow_Run,Batch_Kroll_Willow_Run,pre_cleared,7,8,8,,
CIC-WR-573,Soresen Chris-87.heic,Photograph,1-Willow_Run_Bomber_Plant,,5,,2026-06-07,Batch_Kroll_Willow_Run,Batch_Kroll_Willow_Run,pre_cleared,7,8,8,,
CIC-WR-574,Soresen Chris-88.heic,Photograph,1-Willow_Run_Bomber_Plant,,5,,2026-06-07,Batch_Kroll_Willow_Run,Batch_Kroll_Willow_Run,pre_cleared,7,8,8,,
CIC-WR-575,Soresen Chris-89.heic,Photograph,1-Willow_Run_Bomber_Plant,,5,,2026-06-07,Batch_Kroll_Willow_Run,Batch_Kroll_Willow_Run,pre_cleared,7,8,8,,
CIC-WR-576,Soresen Chris-9.HEIC,Photograph,1-Willow_Run_Bomber_Plant,,5,,2026-06-07,Batch_Kroll_Willow_Run,Batch_Kroll_Willow_Run,pre_cleared,7,8,8,,
CIC-WR-577,Soresen Chris-90.heic,Photograph,1-Willow_Run_Bomber_Plant,,5,,2026-06-07,Batch_Kroll_Willow_Run,Batch_Kroll_Willow_Run,pre_cleared,7,8,8,,
CIC-WR-578,Soresen Chris-91.heic,Photograph,1-Willow_Run_Bomber_Plant,,5,,2026-06-07,Batch_Kroll_Willow_Run,Batch_Kroll_Willow_Run,pre_cleared,7,8,8,,
CIC-WR-579,Soresen Chris-92.heic,Photograph,1-Willow_Run_Bomber_Plant,,5,,2026-06-07,Batch_Kroll_Willow_Run,Batch_Kroll_Willow_Run,pre_cleared,7,8,8,,
CIC-WR-580,Soresen Chris-93.heic,Photograph,1-Willow_Run_Bomber_Plant,,5,,2026-06-07,Batch_Kroll_Willow_Run,Batch_Kroll_Willow_Run,pre_cleared,7,8,8,,
CIC-WR-581,Soresen Chris-94.heic,Photograph,1-Willow_Run_Bomber_Plant,,5,,2026-06-07,Batch_Kroll_Willow_Run,Batch_Kroll_Willow_Run,pre_cleared,7,8,8,,
CIC-WR-582,Soresen Chris-95.heic,Photograph,1-Willow_Run_Bomber_Plant,,5,,2026-06-07,Batch_Kroll_Willow_Run,Batch_Kroll_Willow_Run,pre_cleared,7,8,8,,
CIC-WR-583,Soresen Chris-96.PNG,Photograph,1-Willow_Run_Bomber_Plant,,5,,2026-06-07,Batch_Kroll_Willow_Run,Batch_Kroll_Willow_Run,pre_cleared,7,8,8,,
CIC-WR-584,Soresen Chris-97.jpg,Photograph,1-Willow_Run_Bomber_Plant,,5,,2026-06-07,Batch_Kroll_Willow_Run,Batch_Kroll_Willow_Run,pre_cleared,7,8,8,,
CIC-WR-585,Soresen Chris-98.PNG,Photograph,1-Willow_Run_Bomber_Plant,,5,,2026-06-07,Batch_Kroll_Willow_Run,Batch_Kroll_Willow_Run,pre_cleared,7,8,8,,
CIC-WR-586,Soresen Chris-99.PNG,Photograph,1-Willow_Run_Bomber_Plant,,5,,2026-06-07,Batch_Kroll_Willow_Run,Batch_Kroll_Willow_Run,pre_cleared,7,8,8,,
